subject_code,target_i,target_j,template_i,template_j,di,dj,C0_x,C0_y,Cmid_x,Cmid_y,C20_x,C20_y,ray_count,shifted_curve,geometry_npz,debug_png,centers_txt
1,166,277,166,266,0,11,125,66,277,166,125,265,576,/home/alphayoung8/log1/nebla/simpx_renderer/shifted_curves/shifted_curve_1.png,/home/alphayoung8/log1/nebla/simpx_renderer/center_geometries/1/rotation_geometry_1.npz,/home/alphayoung8/log1/nebla/simpx_renderer/center_geometries/1/rotation_debug_1.png,/home/alphayoung8/log1/nebla/simpx_renderer/center_geometries/1/rotation_centers_1.txt
3,159,297,166,266,-7,31,145,59,297,159,145,258,576,/home/alphayoung8/log1/nebla/simpx_renderer/shifted_curves/shifted_curve_3.png,/home/alphayoung8/log1/nebla/simpx_renderer/center_geometries/3/rotation_geometry_3.npz,/home/alphayoung8/log1/nebla/simpx_renderer/center_geometries/3/rotation_debug_3.png,/home/alphayoung8/log1/nebla/simpx_renderer/center_geometries/3/rotation_centers_3.txt
4,160,233,166,266,-6,-33,81,60,233,160,81,259,576,/home/alphayoung8/log1/nebla/simpx_renderer/shifted_curves/shifted_curve_4.png,/home/alphayoung8/log1/nebla/simpx_renderer/center_geometries/4/rotation_geometry_4.npz,/home/alphayoung8/log1/nebla/simpx_renderer/center_geometries/4/rotation_debug_4.png,/home/alphayoung8/log1/nebla/simpx_renderer/center_geometries/4/rotation_centers_4.txt
7,149,238,166,266,-17,-28,86,49,238,149,86,248,576,/home/alphayoung8/log1/nebla/simpx_renderer/shifted_curves/shifted_curve_7.png,/home/alphayoung8/log1/nebla/simpx_renderer/center_geometries/7/rotation_geometry_7.npz,/home/alphayoung8/log1/nebla/simpx_renderer/center_geometries/7/rotation_debug_7.png,/home/alphayoung8/log1/nebla/simpx_renderer/center_geometries/7/rotation_centers_7.txt
9,161,246,166,266,-5,-20,94,61,246,161,94,260,576,/home/alphayoung8/log1/nebla/simpx_renderer/shifted_curves/shifted_curve_9.png,/home/alphayoung8/log1/nebla/simpx_renderer/center_geometries/9/rotation_geometry_9.npz,/home/alphayoung8/log1/nebla/simpx_renderer/center_geometries/9/rotation_debug_9.png,/home/alphayoung8/log1/nebla/simpx_renderer/center_geometries/9/rotation_centers_9.txt
10,165,213,166,266,-1,-53,61,65,213,165,61,264,576,/home/alphayoung8/log1/nebla/simpx_renderer/shifted_curves/shifted_curve_10.png,/home/alphayoung8/log1/nebla/simpx_renderer/center_geometries/10/rotation_geometry_10.npz,/home/alphayoung8/log1/nebla/simpx_renderer/center_geometries/10/rotation_debug_10.png,/home/alphayoung8/log1/nebla/simpx_renderer/center_geometries/10/rotation_centers_10.txt
19,159,234,166,266,-7,-32,82,59,234,159,82,258,576,/home/alphayoung8/log1/nebla/simpx_renderer/shifted_curves/shifted_curve_19.png,/home/alphayoung8/log1/nebla/simpx_renderer/center_geometries/19/rotation_geometry_19.npz,/home/alphayoung8/log1/nebla/simpx_renderer/center_geometries/19/rotation_debug_19.png,/home/alphayoung8/log1/nebla/simpx_renderer/center_geometries/19/rotation_centers_19.txt
23,157,240,166,266,-9,-26,88,57,240,157,88,256,576,/home/alphayoung8/log1/nebla/simpx_renderer/shifted_curves/shifted_curve_23.png,/home/alphayoung8/log1/nebla/simpx_renderer/center_geometries/23/rotation_geometry_23.npz,/home/alphayoung8/log1/nebla/simpx_renderer/center_geometries/23/rotation_debug_23.png,/home/alphayoung8/log1/nebla/simpx_renderer/center_geometries/23/rotation_centers_23.txt
26,163,210,166,266,-3,-56,58,63,210,163,58,262,576,/home/alphayoung8/log1/nebla/simpx_renderer/shifted_curves/shifted_curve_26.png,/home/alphayoung8/log1/nebla/simpx_renderer/center_geometries/26/rotation_geometry_26.npz,/home/alphayoung8/log1/nebla/simpx_renderer/center_geometries/26/rotation_debug_26.png,/home/alphayoung8/log1/nebla/simpx_renderer/center_geometries/26/rotation_centers_26.txt
27,164,225,166,266,-2,-41,73,64,225,164,73,263,576,/home/alphayoung8/log1/nebla/simpx_renderer/shifted_curves/shifted_curve_27.png,/home/alphayoung8/log1/nebla/simpx_renderer/center_geometries/27/rotation_geometry_27.npz,/home/alphayoung8/log1/nebla/simpx_renderer/center_geometries/27/rotation_debug_27.png,/home/alphayoung8/log1/nebla/simpx_renderer/center_geometries/27/rotation_centers_27.txt
33,167,264,166,266,1,-2,112,67,264,167,112,266,576,/home/alphayoung8/log1/nebla/simpx_renderer/shifted_curves/shifted_curve_33.png,/home/alphayoung8/log1/nebla/simpx_renderer/center_geometries/33/rotation_geometry_33.npz,/home/alphayoung8/log1/nebla/simpx_renderer/center_geometries/33/rotation_debug_33.png,/home/alphayoung8/log1/nebla/simpx_renderer/center_geometries/33/rotation_centers_33.txt
35,166,236,166,266,0,-30,84,66,236,166,84,265,576,/home/alphayoung8/log1/nebla/simpx_renderer/shifted_curves/shifted_curve_35.png,/home/alphayoung8/log1/nebla/simpx_renderer/center_geometries/35/rotation_geometry_35.npz,/home/alphayoung8/log1/nebla/simpx_renderer/center_geometries/35/rotation_debug_35.png,/home/alphayoung8/log1/nebla/simpx_renderer/center_geometries/35/rotation_centers_35.txt
38,159,247,166,266,-7,-19,95,59,247,159,95,258,576,/home/alphayoung8/log1/nebla/simpx_renderer/shifted_curves/shifted_curve_38.png,/home/alphayoung8/log1/nebla/simpx_renderer/center_geometries/38/rotation_geometry_38.npz,/home/alphayoung8/log1/nebla/simpx_renderer/center_geometries/38/rotation_debug_38.png,/home/alphayoung8/log1/nebla/simpx_renderer/center_geometries/38/rotation_centers_38.txt
41,163,245,166,266,-3,-21,93,63,245,163,93,262,576,/home/alphayoung8/log1/nebla/simpx_renderer/shifted_curves/shifted_curve_41.png,/home/alphayoung8/log1/nebla/simpx_renderer/center_geometries/41/rotation_geometry_41.npz,/home/alphayoung8/log1/nebla/simpx_renderer/center_geometries/41/rotation_debug_41.png,/home/alphayoung8/log1/nebla/simpx_renderer/center_geometries/41/rotation_centers_41.txt
45,163,216,166,266,-3,-50,64,63,216,163,64,262,576,/home/alphayoung8/log1/nebla/simpx_renderer/shifted_curves/shifted_curve_45.png,/home/alphayoung8/log1/nebla/simpx_renderer/center_geometries/45/rotation_geometry_45.npz,/home/alphayoung8/log1/nebla/simpx_renderer/center_geometries/45/rotation_debug_45.png,/home/alphayoung8/log1/nebla/simpx_renderer/center_geometries/45/rotation_centers_45.txt
46,164,274,166,266,-2,8,122,64,274,164,122,263,576,/home/alphayoung8/log1/nebla/simpx_renderer/shifted_curves/shifted_curve_46.png,/home/alphayoung8/log1/nebla/simpx_renderer/center_geometries/46/rotation_geometry_46.npz,/home/alphayoung8/log1/nebla/simpx_renderer/center_geometries/46/rotation_debug_46.png,/home/alphayoung8/log1/nebla/simpx_renderer/center_geometries/46/rotation_centers_46.txt
47,164,268,166,266,-2,2,116,64,268,164,116,263,576,/home/alphayoung8/log1/nebla/simpx_renderer/shifted_curves/shifted_curve_47.png,/home/alphayoung8/log1/nebla/simpx_renderer/center_geometries/47/rotation_geometry_47.npz,/home/alphayoung8/log1/nebla/simpx_renderer/center_geometries/47/rotation_debug_47.png,/home/alphayoung8/log1/nebla/simpx_renderer/center_geometries/47/rotation_centers_47.txt
54,165,222,166,266,-1,-44,70,65,222,165,70,264,576,/home/alphayoung8/log1/nebla/simpx_renderer/shifted_curves/shifted_curve_54.png,/home/alphayoung8/log1/nebla/simpx_renderer/center_geometries/54/rotation_geometry_54.npz,/home/alphayoung8/log1/nebla/simpx_renderer/center_geometries/54/rotation_debug_54.png,/home/alphayoung8/log1/nebla/simpx_renderer/center_geometries/54/rotation_centers_54.txt
55,167,234,166,266,1,-32,82,67,234,167,82,266,576,/home/alphayoung8/log1/nebla/simpx_renderer/shifted_curves/shifted_curve_55.png,/home/alphayoung8/log1/nebla/simpx_renderer/center_geometries/55/rotation_geometry_55.npz,/home/alphayoung8/log1/nebla/simpx_renderer/center_geometries/55/rotation_debug_55.png,/home/alphayoung8/log1/nebla/simpx_renderer/center_geometries/55/rotation_centers_55.txt
57,168,225,166,266,2,-41,73,68,225,168,73,267,576,/home/alphayoung8/log1/nebla/simpx_renderer/shifted_curves/shifted_curve_57.png,/home/alphayoung8/log1/nebla/simpx_renderer/center_geometries/57/rotation_geometry_57.npz,/home/alphayoung8/log1/nebla/simpx_renderer/center_geometries/57/rotation_debug_57.png,/home/alphayoung8/log1/nebla/simpx_renderer/center_geometries/57/rotation_centers_57.txt
58,160,220,166,266,-6,-46,68,60,220,160,68,259,576,/home/alphayoung8/log1/nebla/simpx_renderer/shifted_curves/shifted_curve_58.png,/home/alphayoung8/log1/nebla/simpx_renderer/center_geometries/58/rotation_geometry_58.npz,/home/alphayoung8/log1/nebla/simpx_renderer/center_geometries/58/rotation_debug_58.png,/home/alphayoung8/log1/nebla/simpx_renderer/center_geometries/58/rotation_centers_58.txt
59,164,235,166,266,-2,-31,83,64,235,164,83,263,576,/home/alphayoung8/log1/nebla/simpx_renderer/shifted_curves/shifted_curve_59.png,/home/alphayoung8/log1/nebla/simpx_renderer/center_geometries/59/rotation_geometry_59.npz,/home/alphayoung8/log1/nebla/simpx_renderer/center_geometries/59/rotation_debug_59.png,/home/alphayoung8/log1/nebla/simpx_renderer/center_geometries/59/rotation_centers_59.txt
60,162,232,166,266,-4,-34,80,62,232,162,80,261,576,/home/alphayoung8/log1/nebla/simpx_renderer/shifted_curves/shifted_curve_60.png,/home/alphayoung8/log1/nebla/simpx_renderer/center_geometries/60/rotation_geometry_60.npz,/home/alphayoung8/log1/nebla/simpx_renderer/center_geometries/60/rotation_debug_60.png,/home/alphayoung8/log1/nebla/simpx_renderer/center_geometries/60/rotation_centers_60.txt
61,167,199,166,266,1,-67,47,67,199,167,47,266,576,/home/alphayoung8/log1/nebla/simpx_renderer/shifted_curves/shifted_curve_61.png,/home/alphayoung8/log1/nebla/simpx_renderer/center_geometries/61/rotation_geometry_61.npz,/home/alphayoung8/log1/nebla/simpx_renderer/center_geometries/61/rotation_debug_61.png,/home/alphayoung8/log1/nebla/simpx_renderer/center_geometries/61/rotation_centers_61.txt
63,159,248,166,266,-7,-18,96,59,248,159,96,258,576,/home/alphayoung8/log1/nebla/simpx_renderer/shifted_curves/shifted_curve_63.png,/home/alphayoung8/log1/nebla/simpx_renderer/center_geometries/63/rotation_geometry_63.npz,/home/alphayoung8/log1/nebla/simpx_renderer/center_geometries/63/rotation_debug_63.png,/home/alphayoung8/log1/nebla/simpx_renderer/center_geometries/63/rotation_centers_63.txt
66,157,235,166,266,-9,-31,83,57,235,157,83,256,576,/home/alphayoung8/log1/nebla/simpx_renderer/shifted_curves/shifted_curve_66.png,/home/alphayoung8/log1/nebla/simpx_renderer/center_geometries/66/rotation_geometry_66.npz,/home/alphayoung8/log1/nebla/simpx_renderer/center_geometries/66/rotation_debug_66.png,/home/alphayoung8/log1/nebla/simpx_renderer/center_geometries/66/rotation_centers_66.txt
67,167,219,166,266,1,-47,67,67,219,167,67,266,576,/home/alphayoung8/log1/nebla/simpx_renderer/shifted_curves/shifted_curve_67.png,/home/alphayoung8/log1/nebla/simpx_renderer/center_geometries/67/rotation_geometry_67.npz,/home/alphayoung8/log1/nebla/simpx_renderer/center_geometries/67/rotation_debug_67.png,/home/alphayoung8/log1/nebla/simpx_renderer/center_geometries/67/rotation_centers_67.txt
69,164,242,166,266,-2,-24,90,64,242,164,90,263,576,/home/alphayoung8/log1/nebla/simpx_renderer/shifted_curves/shifted_curve_69.png,/home/alphayoung8/log1/nebla/simpx_renderer/center_geometries/69/rotation_geometry_69.npz,/home/alphayoung8/log1/nebla/simpx_renderer/center_geometries/69/rotation_debug_69.png,/home/alphayoung8/log1/nebla/simpx_renderer/center_geometries/69/rotation_centers_69.txt
73,171,261,166,266,5,-5,109,71,261,171,109,270,576,/home/alphayoung8/log1/nebla/simpx_renderer/shifted_curves/shifted_curve_73.png,/home/alphayoung8/log1/nebla/simpx_renderer/center_geometries/73/rotation_geometry_73.npz,/home/alphayoung8/log1/nebla/simpx_renderer/center_geometries/73/rotation_debug_73.png,/home/alphayoung8/log1/nebla/simpx_renderer/center_geometries/73/rotation_centers_73.txt
76,172,234,166,266,6,-32,82,72,234,172,82,271,576,/home/alphayoung8/log1/nebla/simpx_renderer/shifted_curves/shifted_curve_76.png,/home/alphayoung8/log1/nebla/simpx_renderer/center_geometries/76/rotation_geometry_76.npz,/home/alphayoung8/log1/nebla/simpx_renderer/center_geometries/76/rotation_debug_76.png,/home/alphayoung8/log1/nebla/simpx_renderer/center_geometries/76/rotation_centers_76.txt
85,159,234,166,266,-7,-32,82,59,234,159,82,258,576,/home/alphayoung8/log1/nebla/simpx_renderer/shifted_curves/shifted_curve_85.png,/home/alphayoung8/log1/nebla/simpx_renderer/center_geometries/85/rotation_geometry_85.npz,/home/alphayoung8/log1/nebla/simpx_renderer/center_geometries/85/rotation_debug_85.png,/home/alphayoung8/log1/nebla/simpx_renderer/center_geometries/85/rotation_centers_85.txt
88,166,218,166,266,0,-48,66,66,218,166,66,265,576,/home/alphayoung8/log1/nebla/simpx_renderer/shifted_curves/shifted_curve_88.png,/home/alphayoung8/log1/nebla/simpx_renderer/center_geometries/88/rotation_geometry_88.npz,/home/alphayoung8/log1/nebla/simpx_renderer/center_geometries/88/rotation_debug_88.png,/home/alphayoung8/log1/nebla/simpx_renderer/center_geometries/88/rotation_centers_88.txt
89,155,263,166,266,-11,-3,111,55,263,155,111,254,576,/home/alphayoung8/log1/nebla/simpx_renderer/shifted_curves/shifted_curve_89.png,/home/alphayoung8/log1/nebla/simpx_renderer/center_geometries/89/rotation_geometry_89.npz,/home/alphayoung8/log1/nebla/simpx_renderer/center_geometries/89/rotation_debug_89.png,/home/alphayoung8/log1/nebla/simpx_renderer/center_geometries/89/rotation_centers_89.txt
100,166,242,166,266,0,-24,90,66,242,166,90,265,576,/home/alphayoung8/log1/nebla/simpx_renderer/shifted_curves/shifted_curve_100.png,/home/alphayoung8/log1/nebla/simpx_renderer/center_geometries/100/rotation_geometry_100.npz,/home/alphayoung8/log1/nebla/simpx_renderer/center_geometries/100/rotation_debug_100.png,/home/alphayoung8/log1/nebla/simpx_renderer/center_geometries/100/rotation_centers_100.txt
104,169,261,166,266,3,-5,109,69,261,169,109,268,576,/home/alphayoung8/log1/nebla/simpx_renderer/shifted_curves/shifted_curve_104.png,/home/alphayoung8/log1/nebla/simpx_renderer/center_geometries/104/rotation_geometry_104.npz,/home/alphayoung8/log1/nebla/simpx_renderer/center_geometries/104/rotation_debug_104.png,/home/alphayoung8/log1/nebla/simpx_renderer/center_geometries/104/rotation_centers_104.txt
105,162,249,166,266,-4,-17,97,62,249,162,97,261,576,/home/alphayoung8/log1/nebla/simpx_renderer/shifted_curves/shifted_curve_105.png,/home/alphayoung8/log1/nebla/simpx_renderer/center_geometries/105/rotation_geometry_105.npz,/home/alphayoung8/log1/nebla/simpx_renderer/center_geometries/105/rotation_debug_105.png,/home/alphayoung8/log1/nebla/simpx_renderer/center_geometries/105/rotation_centers_105.txt
106,155,233,166,266,-11,-33,81,55,233,155,81,254,576,/home/alphayoung8/log1/nebla/simpx_renderer/shifted_curves/shifted_curve_106.png,/home/alphayoung8/log1/nebla/simpx_renderer/center_geometries/106/rotation_geometry_106.npz,/home/alphayoung8/log1/nebla/simpx_renderer/center_geometries/106/rotation_debug_106.png,/home/alphayoung8/log1/nebla/simpx_renderer/center_geometries/106/rotation_centers_106.txt
110,164,221,166,266,-2,-45,69,64,221,164,69,263,576,/home/alphayoung8/log1/nebla/simpx_renderer/shifted_curves/shifted_curve_110.png,/home/alphayoung8/log1/nebla/simpx_renderer/center_geometries/110/rotation_geometry_110.npz,/home/alphayoung8/log1/nebla/simpx_renderer/center_geometries/110/rotation_debug_110.png,/home/alphayoung8/log1/nebla/simpx_renderer/center_geometries/110/rotation_centers_110.txt
111,155,242,166,266,-11,-24,90,55,242,155,90,254,576,/home/alphayoung8/log1/nebla/simpx_renderer/shifted_curves/shifted_curve_111.png,/home/alphayoung8/log1/nebla/simpx_renderer/center_geometries/111/rotation_geometry_111.npz,/home/alphayoung8/log1/nebla/simpx_renderer/center_geometries/111/rotation_debug_111.png,/home/alphayoung8/log1/nebla/simpx_renderer/center_geometries/111/rotation_centers_111.txt
112,172,246,166,266,6,-20,94,72,246,172,94,271,576,/home/alphayoung8/log1/nebla/simpx_renderer/shifted_curves/shifted_curve_112.png,/home/alphayoung8/log1/nebla/simpx_renderer/center_geometries/112/rotation_geometry_112.npz,/home/alphayoung8/log1/nebla/simpx_renderer/center_geometries/112/rotation_debug_112.png,/home/alphayoung8/log1/nebla/simpx_renderer/center_geometries/112/rotation_centers_112.txt
113,163,230,166,266,-3,-36,78,63,230,163,78,262,576,/home/alphayoung8/log1/nebla/simpx_renderer/shifted_curves/shifted_curve_113.png,/home/alphayoung8/log1/nebla/simpx_renderer/center_geometries/113/rotation_geometry_113.npz,/home/alphayoung8/log1/nebla/simpx_renderer/center_geometries/113/rotation_debug_113.png,/home/alphayoung8/log1/nebla/simpx_renderer/center_geometries/113/rotation_centers_113.txt
114,159,222,166,266,-7,-44,70,59,222,159,70,258,576,/home/alphayoung8/log1/nebla/simpx_renderer/shifted_curves/shifted_curve_114.png,/home/alphayoung8/log1/nebla/simpx_renderer/center_geometries/114/rotation_geometry_114.npz,/home/alphayoung8/log1/nebla/simpx_renderer/center_geometries/114/rotation_debug_114.png,/home/alphayoung8/log1/nebla/simpx_renderer/center_geometries/114/rotation_centers_114.txt
117,162,232,166,266,-4,-34,80,62,232,162,80,261,576,/home/alphayoung8/log1/nebla/simpx_renderer/shifted_curves/shifted_curve_117.png,/home/alphayoung8/log1/nebla/simpx_renderer/center_geometries/117/rotation_geometry_117.npz,/home/alphayoung8/log1/nebla/simpx_renderer/center_geometries/117/rotation_debug_117.png,/home/alphayoung8/log1/nebla/simpx_renderer/center_geometries/117/rotation_centers_117.txt
126,160,231,166,266,-6,-35,79,60,231,160,79,259,576,/home/alphayoung8/log1/nebla/simpx_renderer/shifted_curves/shifted_curve_126.png,/home/alphayoung8/log1/nebla/simpx_renderer/center_geometries/126/rotation_geometry_126.npz,/home/alphayoung8/log1/nebla/simpx_renderer/center_geometries/126/rotation_debug_126.png,/home/alphayoung8/log1/nebla/simpx_renderer/center_geometries/126/rotation_centers_126.txt
129,161,222,166,266,-5,-44,70,61,222,161,70,260,576,/home/alphayoung8/log1/nebla/simpx_renderer/shifted_curves/shifted_curve_129.png,/home/alphayoung8/log1/nebla/simpx_renderer/center_geometries/129/rotation_geometry_129.npz,/home/alphayoung8/log1/nebla/simpx_renderer/center_geometries/129/rotation_debug_129.png,/home/alphayoung8/log1/nebla/simpx_renderer/center_geometries/129/rotation_centers_129.txt
137,165,230,166,266,-1,-36,78,65,230,165,78,264,576,/home/alphayoung8/log1/nebla/simpx_renderer/shifted_curves/shifted_curve_137.png,/home/alphayoung8/log1/nebla/simpx_renderer/center_geometries/137/rotation_geometry_137.npz,/home/alphayoung8/log1/nebla/simpx_renderer/center_geometries/137/rotation_debug_137.png,/home/alphayoung8/log1/nebla/simpx_renderer/center_geometries/137/rotation_centers_137.txt
139,167,251,166,266,1,-15,99,67,251,167,99,266,576,/home/alphayoung8/log1/nebla/simpx_renderer/shifted_curves/shifted_curve_139.png,/home/alphayoung8/log1/nebla/simpx_renderer/center_geometries/139/rotation_geometry_139.npz,/home/alphayoung8/log1/nebla/simpx_renderer/center_geometries/139/rotation_debug_139.png,/home/alphayoung8/log1/nebla/simpx_renderer/center_geometries/139/rotation_centers_139.txt
143,167,230,166,266,1,-36,78,67,230,167,78,266,576,/home/alphayoung8/log1/nebla/simpx_renderer/shifted_curves/shifted_curve_143.png,/home/alphayoung8/log1/nebla/simpx_renderer/center_geometries/143/rotation_geometry_143.npz,/home/alphayoung8/log1/nebla/simpx_renderer/center_geometries/143/rotation_debug_143.png,/home/alphayoung8/log1/nebla/simpx_renderer/center_geometries/143/rotation_centers_143.txt
147,182,247,166,266,16,-19,95,82,247,182,95,281,576,/home/alphayoung8/log1/nebla/simpx_renderer/shifted_curves/shifted_curve_147.png,/home/alphayoung8/log1/nebla/simpx_renderer/center_geometries/147/rotation_geometry_147.npz,/home/alphayoung8/log1/nebla/simpx_renderer/center_geometries/147/rotation_debug_147.png,/home/alphayoung8/log1/nebla/simpx_renderer/center_geometries/147/rotation_centers_147.txt
151,162,229,166,266,-4,-37,77,62,229,162,77,261,576,/home/alphayoung8/log1/nebla/simpx_renderer/shifted_curves/shifted_curve_151.png,/home/alphayoung8/log1/nebla/simpx_renderer/center_geometries/151/rotation_geometry_151.npz,/home/alphayoung8/log1/nebla/simpx_renderer/center_geometries/151/rotation_debug_151.png,/home/alphayoung8/log1/nebla/simpx_renderer/center_geometries/151/rotation_centers_151.txt
153,166,236,166,266,0,-30,84,66,236,166,84,265,576,/home/alphayoung8/log1/nebla/simpx_renderer/shifted_curves/shifted_curve_153.png,/home/alphayoung8/log1/nebla/simpx_renderer/center_geometries/153/rotation_geometry_153.npz,/home/alphayoung8/log1/nebla/simpx_renderer/center_geometries/153/rotation_debug_153.png,/home/alphayoung8/log1/nebla/simpx_renderer/center_geometries/153/rotation_centers_153.txt
155,167,217,166,266,1,-49,65,67,217,167,65,266,576,/home/alphayoung8/log1/nebla/simpx_renderer/shifted_curves/shifted_curve_155.png,/home/alphayoung8/log1/nebla/simpx_renderer/center_geometries/155/rotation_geometry_155.npz,/home/alphayoung8/log1/nebla/simpx_renderer/center_geometries/155/rotation_debug_155.png,/home/alphayoung8/log1/nebla/simpx_renderer/center_geometries/155/rotation_centers_155.txt
157,157,266,166,266,-9,0,114,57,266,157,114,256,576,/home/alphayoung8/log1/nebla/simpx_renderer/shifted_curves/shifted_curve_157.png,/home/alphayoung8/log1/nebla/simpx_renderer/center_geometries/157/rotation_geometry_157.npz,/home/alphayoung8/log1/nebla/simpx_renderer/center_geometries/157/rotation_debug_157.png,/home/alphayoung8/log1/nebla/simpx_renderer/center_geometries/157/rotation_centers_157.txt
161,160,216,166,266,-6,-50,64,60,216,160,64,259,576,/home/alphayoung8/log1/nebla/simpx_renderer/shifted_curves/shifted_curve_161.png,/home/alphayoung8/log1/nebla/simpx_renderer/center_geometries/161/rotation_geometry_161.npz,/home/alphayoung8/log1/nebla/simpx_renderer/center_geometries/161/rotation_debug_161.png,/home/alphayoung8/log1/nebla/simpx_renderer/center_geometries/161/rotation_centers_161.txt
166,162,220,166,266,-4,-46,68,62,220,162,68,261,576,/home/alphayoung8/log1/nebla/simpx_renderer/shifted_curves/shifted_curve_166.png,/home/alphayoung8/log1/nebla/simpx_renderer/center_geometries/166/rotation_geometry_166.npz,/home/alphayoung8/log1/nebla/simpx_renderer/center_geometries/166/rotation_debug_166.png,/home/alphayoung8/log1/nebla/simpx_renderer/center_geometries/166/rotation_centers_166.txt
168,170,235,166,266,4,-31,83,70,235,170,83,269,576,/home/alphayoung8/log1/nebla/simpx_renderer/shifted_curves/shifted_curve_168.png,/home/alphayoung8/log1/nebla/simpx_renderer/center_geometries/168/rotation_geometry_168.npz,/home/alphayoung8/log1/nebla/simpx_renderer/center_geometries/168/rotation_debug_168.png,/home/alphayoung8/log1/nebla/simpx_renderer/center_geometries/168/rotation_centers_168.txt
169,168,233,166,266,2,-33,81,68,233,168,81,267,576,/home/alphayoung8/log1/nebla/simpx_renderer/shifted_curves/shifted_curve_169.png,/home/alphayoung8/log1/nebla/simpx_renderer/center_geometries/169/rotation_geometry_169.npz,/home/alphayoung8/log1/nebla/simpx_renderer/center_geometries/169/rotation_debug_169.png,/home/alphayoung8/log1/nebla/simpx_renderer/center_geometries/169/rotation_centers_169.txt
171,164,234,166,266,-2,-32,82,64,234,164,82,263,576,/home/alphayoung8/log1/nebla/simpx_renderer/shifted_curves/shifted_curve_171.png,/home/alphayoung8/log1/nebla/simpx_renderer/center_geometries/171/rotation_geometry_171.npz,/home/alphayoung8/log1/nebla/simpx_renderer/center_geometries/171/rotation_debug_171.png,/home/alphayoung8/log1/nebla/simpx_renderer/center_geometries/171/rotation_centers_171.txt
172,169,237,166,266,3,-29,85,69,237,169,85,268,576,/home/alphayoung8/log1/nebla/simpx_renderer/shifted_curves/shifted_curve_172.png,/home/alphayoung8/log1/nebla/simpx_renderer/center_geometries/172/rotation_geometry_172.npz,/home/alphayoung8/log1/nebla/simpx_renderer/center_geometries/172/rotation_debug_172.png,/home/alphayoung8/log1/nebla/simpx_renderer/center_geometries/172/rotation_centers_172.txt
175,164,252,166,266,-2,-14,100,64,252,164,100,263,576,/home/alphayoung8/log1/nebla/simpx_renderer/shifted_curves/shifted_curve_175.png,/home/alphayoung8/log1/nebla/simpx_renderer/center_geometries/175/rotation_geometry_175.npz,/home/alphayoung8/log1/nebla/simpx_renderer/center_geometries/175/rotation_debug_175.png,/home/alphayoung8/log1/nebla/simpx_renderer/center_geometries/175/rotation_centers_175.txt
176,154,226,166,266,-12,-40,74,54,226,154,74,253,576,/home/alphayoung8/log1/nebla/simpx_renderer/shifted_curves/shifted_curve_176.png,/home/alphayoung8/log1/nebla/simpx_renderer/center_geometries/176/rotation_geometry_176.npz,/home/alphayoung8/log1/nebla/simpx_renderer/center_geometries/176/rotation_debug_176.png,/home/alphayoung8/log1/nebla/simpx_renderer/center_geometries/176/rotation_centers_176.txt
182,169,213,166,266,3,-53,61,69,213,169,61,268,576,/home/alphayoung8/log1/nebla/simpx_renderer/shifted_curves/shifted_curve_182.png,/home/alphayoung8/log1/nebla/simpx_renderer/center_geometries/182/rotation_geometry_182.npz,/home/alphayoung8/log1/nebla/simpx_renderer/center_geometries/182/rotation_debug_182.png,/home/alphayoung8/log1/nebla/simpx_renderer/center_geometries/182/rotation_centers_182.txt
184,169,227,166,266,3,-39,75,69,227,169,75,268,576,/home/alphayoung8/log1/nebla/simpx_renderer/shifted_curves/shifted_curve_184.png,/home/alphayoung8/log1/nebla/simpx_renderer/center_geometries/184/rotation_geometry_184.npz,/home/alphayoung8/log1/nebla/simpx_renderer/center_geometries/184/rotation_debug_184.png,/home/alphayoung8/log1/nebla/simpx_renderer/center_geometries/184/rotation_centers_184.txt
186,155,255,166,266,-11,-11,103,55,255,155,103,254,576,/home/alphayoung8/log1/nebla/simpx_renderer/shifted_curves/shifted_curve_186.png,/home/alphayoung8/log1/nebla/simpx_renderer/center_geometries/186/rotation_geometry_186.npz,/home/alphayoung8/log1/nebla/simpx_renderer/center_geometries/186/rotation_debug_186.png,/home/alphayoung8/log1/nebla/simpx_renderer/center_geometries/186/rotation_centers_186.txt
187,160,228,166,266,-6,-38,76,60,228,160,76,259,576,/home/alphayoung8/log1/nebla/simpx_renderer/shifted_curves/shifted_curve_187.png,/home/alphayoung8/log1/nebla/simpx_renderer/center_geometries/187/rotation_geometry_187.npz,/home/alphayoung8/log1/nebla/simpx_renderer/center_geometries/187/rotation_debug_187.png,/home/alphayoung8/log1/nebla/simpx_renderer/center_geometries/187/rotation_centers_187.txt
190,168,224,166,266,2,-42,72,68,224,168,72,267,576,/home/alphayoung8/log1/nebla/simpx_renderer/shifted_curves/shifted_curve_190.png,/home/alphayoung8/log1/nebla/simpx_renderer/center_geometries/190/rotation_geometry_190.npz,/home/alphayoung8/log1/nebla/simpx_renderer/center_geometries/190/rotation_debug_190.png,/home/alphayoung8/log1/nebla/simpx_renderer/center_geometries/190/rotation_centers_190.txt
192,159,251,166,266,-7,-15,99,59,251,159,99,258,576,/home/alphayoung8/log1/nebla/simpx_renderer/shifted_curves/shifted_curve_192.png,/home/alphayoung8/log1/nebla/simpx_renderer/center_geometries/192/rotation_geometry_192.npz,/home/alphayoung8/log1/nebla/simpx_renderer/center_geometries/192/rotation_debug_192.png,/home/alphayoung8/log1/nebla/simpx_renderer/center_geometries/192/rotation_centers_192.txt
194,175,224,166,266,9,-42,72,75,224,175,72,274,576,/home/alphayoung8/log1/nebla/simpx_renderer/shifted_curves/shifted_curve_194.png,/home/alphayoung8/log1/nebla/simpx_renderer/center_geometries/194/rotation_geometry_194.npz,/home/alphayoung8/log1/nebla/simpx_renderer/center_geometries/194/rotation_debug_194.png,/home/alphayoung8/log1/nebla/simpx_renderer/center_geometries/194/rotation_centers_194.txt
199,161,243,166,266,-5,-23,91,61,243,161,91,260,576,/home/alphayoung8/log1/nebla/simpx_renderer/shifted_curves/shifted_curve_199.png,/home/alphayoung8/log1/nebla/simpx_renderer/center_geometries/199/rotation_geometry_199.npz,/home/alphayoung8/log1/nebla/simpx_renderer/center_geometries/199/rotation_debug_199.png,/home/alphayoung8/log1/nebla/simpx_renderer/center_geometries/199/rotation_centers_199.txt
205,171,208,166,266,5,-58,56,71,208,171,56,270,576,/home/alphayoung8/log1/nebla/simpx_renderer/shifted_curves/shifted_curve_205.png,/home/alphayoung8/log1/nebla/simpx_renderer/center_geometries/205/rotation_geometry_205.npz,/home/alphayoung8/log1/nebla/simpx_renderer/center_geometries/205/rotation_debug_205.png,/home/alphayoung8/log1/nebla/simpx_renderer/center_geometries/205/rotation_centers_205.txt
208,155,239,166,266,-11,-27,87,55,239,155,87,254,576,/home/alphayoung8/log1/nebla/simpx_renderer/shifted_curves/shifted_curve_208.png,/home/alphayoung8/log1/nebla/simpx_renderer/center_geometries/208/rotation_geometry_208.npz,/home/alphayoung8/log1/nebla/simpx_renderer/center_geometries/208/rotation_debug_208.png,/home/alphayoung8/log1/nebla/simpx_renderer/center_geometries/208/rotation_centers_208.txt
209,166,247,166,266,0,-19,95,66,247,166,95,265,576,/home/alphayoung8/log1/nebla/simpx_renderer/shifted_curves/shifted_curve_209.png,/home/alphayoung8/log1/nebla/simpx_renderer/center_geometries/209/rotation_geometry_209.npz,/home/alphayoung8/log1/nebla/simpx_renderer/center_geometries/209/rotation_debug_209.png,/home/alphayoung8/log1/nebla/simpx_renderer/center_geometries/209/rotation_centers_209.txt
210,162,238,166,266,-4,-28,86,62,238,162,86,261,576,/home/alphayoung8/log1/nebla/simpx_renderer/shifted_curves/shifted_curve_210.png,/home/alphayoung8/log1/nebla/simpx_renderer/center_geometries/210/rotation_geometry_210.npz,/home/alphayoung8/log1/nebla/simpx_renderer/center_geometries/210/rotation_debug_210.png,/home/alphayoung8/log1/nebla/simpx_renderer/center_geometries/210/rotation_centers_210.txt
212,159,228,166,266,-7,-38,76,59,228,159,76,258,576,/home/alphayoung8/log1/nebla/simpx_renderer/shifted_curves/shifted_curve_212.png,/home/alphayoung8/log1/nebla/simpx_renderer/center_geometries/212/rotation_geometry_212.npz,/home/alphayoung8/log1/nebla/simpx_renderer/center_geometries/212/rotation_debug_212.png,/home/alphayoung8/log1/nebla/simpx_renderer/center_geometries/212/rotation_centers_212.txt
214,166,170,166,266,0,-96,18,66,170,166,18,265,576,/home/alphayoung8/log1/nebla/simpx_renderer/shifted_curves/shifted_curve_214.png,/home/alphayoung8/log1/nebla/simpx_renderer/center_geometries/214/rotation_geometry_214.npz,/home/alphayoung8/log1/nebla/simpx_renderer/center_geometries/214/rotation_debug_214.png,/home/alphayoung8/log1/nebla/simpx_renderer/center_geometries/214/rotation_centers_214.txt
215,156,226,166,266,-10,-40,74,56,226,156,74,255,576,/home/alphayoung8/log1/nebla/simpx_renderer/shifted_curves/shifted_curve_215.png,/home/alphayoung8/log1/nebla/simpx_renderer/center_geometries/215/rotation_geometry_215.npz,/home/alphayoung8/log1/nebla/simpx_renderer/center_geometries/215/rotation_debug_215.png,/home/alphayoung8/log1/nebla/simpx_renderer/center_geometries/215/rotation_centers_215.txt
217,153,251,166,266,-13,-15,99,53,251,153,99,252,576,/home/alphayoung8/log1/nebla/simpx_renderer/shifted_curves/shifted_curve_217.png,/home/alphayoung8/log1/nebla/simpx_renderer/center_geometries/217/rotation_geometry_217.npz,/home/alphayoung8/log1/nebla/simpx_renderer/center_geometries/217/rotation_debug_217.png,/home/alphayoung8/log1/nebla/simpx_renderer/center_geometries/217/rotation_centers_217.txt
218,153,241,166,266,-13,-25,89,53,241,153,89,252,576,/home/alphayoung8/log1/nebla/simpx_renderer/shifted_curves/shifted_curve_218.png,/home/alphayoung8/log1/nebla/simpx_renderer/center_geometries/218/rotation_geometry_218.npz,/home/alphayoung8/log1/nebla/simpx_renderer/center_geometries/218/rotation_debug_218.png,/home/alphayoung8/log1/nebla/simpx_renderer/center_geometries/218/rotation_centers_218.txt
219,171,231,166,266,5,-35,79,71,231,171,79,270,576,/home/alphayoung8/log1/nebla/simpx_renderer/shifted_curves/shifted_curve_219.png,/home/alphayoung8/log1/nebla/simpx_renderer/center_geometries/219/rotation_geometry_219.npz,/home/alphayoung8/log1/nebla/simpx_renderer/center_geometries/219/rotation_debug_219.png,/home/alphayoung8/log1/nebla/simpx_renderer/center_geometries/219/rotation_centers_219.txt
222,159,252,166,266,-7,-14,100,59,252,159,100,258,576,/home/alphayoung8/log1/nebla/simpx_renderer/shifted_curves/shifted_curve_222.png,/home/alphayoung8/log1/nebla/simpx_renderer/center_geometries/222/rotation_geometry_222.npz,/home/alphayoung8/log1/nebla/simpx_renderer/center_geometries/222/rotation_debug_222.png,/home/alphayoung8/log1/nebla/simpx_renderer/center_geometries/222/rotation_centers_222.txt
224,164,258,166,266,-2,-8,106,64,258,164,106,263,576,/home/alphayoung8/log1/nebla/simpx_renderer/shifted_curves/shifted_curve_224.png,/home/alphayoung8/log1/nebla/simpx_renderer/center_geometries/224/rotation_geometry_224.npz,/home/alphayoung8/log1/nebla/simpx_renderer/center_geometries/224/rotation_debug_224.png,/home/alphayoung8/log1/nebla/simpx_renderer/center_geometries/224/rotation_centers_224.txt
225,166,233,166,266,0,-33,81,66,233,166,81,265,576,/home/alphayoung8/log1/nebla/simpx_renderer/shifted_curves/shifted_curve_225.png,/home/alphayoung8/log1/nebla/simpx_renderer/center_geometries/225/rotation_geometry_225.npz,/home/alphayoung8/log1/nebla/simpx_renderer/center_geometries/225/rotation_debug_225.png,/home/alphayoung8/log1/nebla/simpx_renderer/center_geometries/225/rotation_centers_225.txt
227,161,250,166,266,-5,-16,98,61,250,161,98,260,576,/home/alphayoung8/log1/nebla/simpx_renderer/shifted_curves/shifted_curve_227.png,/home/alphayoung8/log1/nebla/simpx_renderer/center_geometries/227/rotation_geometry_227.npz,/home/alphayoung8/log1/nebla/simpx_renderer/center_geometries/227/rotation_debug_227.png,/home/alphayoung8/log1/nebla/simpx_renderer/center_geometries/227/rotation_centers_227.txt
228,168,252,166,266,2,-14,100,68,252,168,100,267,576,/home/alphayoung8/log1/nebla/simpx_renderer/shifted_curves/shifted_curve_228.png,/home/alphayoung8/log1/nebla/simpx_renderer/center_geometries/228/rotation_geometry_228.npz,/home/alphayoung8/log1/nebla/simpx_renderer/center_geometries/228/rotation_debug_228.png,/home/alphayoung8/log1/nebla/simpx_renderer/center_geometries/228/rotation_centers_228.txt
233,163,223,166,266,-3,-43,71,63,223,163,71,262,576,/home/alphayoung8/log1/nebla/simpx_renderer/shifted_curves/shifted_curve_233.png,/home/alphayoung8/log1/nebla/simpx_renderer/center_geometries/233/rotation_geometry_233.npz,/home/alphayoung8/log1/nebla/simpx_renderer/center_geometries/233/rotation_debug_233.png,/home/alphayoung8/log1/nebla/simpx_renderer/center_geometries/233/rotation_centers_233.txt
234,162,243,166,266,-4,-23,91,62,243,162,91,261,576,/home/alphayoung8/log1/nebla/simpx_renderer/shifted_curves/shifted_curve_234.png,/home/alphayoung8/log1/nebla/simpx_renderer/center_geometries/234/rotation_geometry_234.npz,/home/alphayoung8/log1/nebla/simpx_renderer/center_geometries/234/rotation_debug_234.png,/home/alphayoung8/log1/nebla/simpx_renderer/center_geometries/234/rotation_centers_234.txt
235,160,222,166,266,-6,-44,70,60,222,160,70,259,576,/home/alphayoung8/log1/nebla/simpx_renderer/shifted_curves/shifted_curve_235.png,/home/alphayoung8/log1/nebla/simpx_renderer/center_geometries/235/rotation_geometry_235.npz,/home/alphayoung8/log1/nebla/simpx_renderer/center_geometries/235/rotation_debug_235.png,/home/alphayoung8/log1/nebla/simpx_renderer/center_geometries/235/rotation_centers_235.txt
238,170,249,166,266,4,-17,97,70,249,170,97,269,576,/home/alphayoung8/log1/nebla/simpx_renderer/shifted_curves/shifted_curve_238.png,/home/alphayoung8/log1/nebla/simpx_renderer/center_geometries/238/rotation_geometry_238.npz,/home/alphayoung8/log1/nebla/simpx_renderer/center_geometries/238/rotation_debug_238.png,/home/alphayoung8/log1/nebla/simpx_renderer/center_geometries/238/rotation_centers_238.txt
239,164,248,166,266,-2,-18,96,64,248,164,96,263,576,/home/alphayoung8/log1/nebla/simpx_renderer/shifted_curves/shifted_curve_239.png,/home/alphayoung8/log1/nebla/simpx_renderer/center_geometries/239/rotation_geometry_239.npz,/home/alphayoung8/log1/nebla/simpx_renderer/center_geometries/239/rotation_debug_239.png,/home/alphayoung8/log1/nebla/simpx_renderer/center_geometries/239/rotation_centers_239.txt
240,171,235,166,266,5,-31,83,71,235,171,83,270,576,/home/alphayoung8/log1/nebla/simpx_renderer/shifted_curves/shifted_curve_240.png,/home/alphayoung8/log1/nebla/simpx_renderer/center_geometries/240/rotation_geometry_240.npz,/home/alphayoung8/log1/nebla/simpx_renderer/center_geometries/240/rotation_debug_240.png,/home/alphayoung8/log1/nebla/simpx_renderer/center_geometries/240/rotation_centers_240.txt
241,155,250,166,266,-11,-16,98,55,250,155,98,254,576,/home/alphayoung8/log1/nebla/simpx_renderer/shifted_curves/shifted_curve_241.png,/home/alphayoung8/log1/nebla/simpx_renderer/center_geometries/241/rotation_geometry_241.npz,/home/alphayoung8/log1/nebla/simpx_renderer/center_geometries/241/rotation_debug_241.png,/home/alphayoung8/log1/nebla/simpx_renderer/center_geometries/241/rotation_centers_241.txt
242,160,248,166,266,-6,-18,96,60,248,160,96,259,576,/home/alphayoung8/log1/nebla/simpx_renderer/shifted_curves/shifted_curve_242.png,/home/alphayoung8/log1/nebla/simpx_renderer/center_geometries/242/rotation_geometry_242.npz,/home/alphayoung8/log1/nebla/simpx_renderer/center_geometries/242/rotation_debug_242.png,/home/alphayoung8/log1/nebla/simpx_renderer/center_geometries/242/rotation_centers_242.txt
243,155,218,166,266,-11,-48,66,55,218,155,66,254,576,/home/alphayoung8/log1/nebla/simpx_renderer/shifted_curves/shifted_curve_243.png,/home/alphayoung8/log1/nebla/simpx_renderer/center_geometries/243/rotation_geometry_243.npz,/home/alphayoung8/log1/nebla/simpx_renderer/center_geometries/243/rotation_debug_243.png,/home/alphayoung8/log1/nebla/simpx_renderer/center_geometries/243/rotation_centers_243.txt
247,171,255,166,266,5,-11,103,71,255,171,103,270,576,/home/alphayoung8/log1/nebla/simpx_renderer/shifted_curves/shifted_curve_247.png,/home/alphayoung8/log1/nebla/simpx_renderer/center_geometries/247/rotation_geometry_247.npz,/home/alphayoung8/log1/nebla/simpx_renderer/center_geometries/247/rotation_debug_247.png,/home/alphayoung8/log1/nebla/simpx_renderer/center_geometries/247/rotation_centers_247.txt
252,165,247,166,266,-1,-19,95,65,247,165,95,264,576,/home/alphayoung8/log1/nebla/simpx_renderer/shifted_curves/shifted_curve_252.png,/home/alphayoung8/log1/nebla/simpx_renderer/center_geometries/252/rotation_geometry_252.npz,/home/alphayoung8/log1/nebla/simpx_renderer/center_geometries/252/rotation_debug_252.png,/home/alphayoung8/log1/nebla/simpx_renderer/center_geometries/252/rotation_centers_252.txt
253,158,217,166,266,-8,-49,65,58,217,158,65,257,576,/home/alphayoung8/log1/nebla/simpx_renderer/shifted_curves/shifted_curve_253.png,/home/alphayoung8/log1/nebla/simpx_renderer/center_geometries/253/rotation_geometry_253.npz,/home/alphayoung8/log1/nebla/simpx_renderer/center_geometries/253/rotation_debug_253.png,/home/alphayoung8/log1/nebla/simpx_renderer/center_geometries/253/rotation_centers_253.txt
255,166,244,166,266,0,-22,92,66,244,166,92,265,576,/home/alphayoung8/log1/nebla/simpx_renderer/shifted_curves/shifted_curve_255.png,/home/alphayoung8/log1/nebla/simpx_renderer/center_geometries/255/rotation_geometry_255.npz,/home/alphayoung8/log1/nebla/simpx_renderer/center_geometries/255/rotation_debug_255.png,/home/alphayoung8/log1/nebla/simpx_renderer/center_geometries/255/rotation_centers_255.txt
259,146,221,166,266,-20,-45,69,46,221,146,69,245,576,/home/alphayoung8/log1/nebla/simpx_renderer/shifted_curves/shifted_curve_259.png,/home/alphayoung8/log1/nebla/simpx_renderer/center_geometries/259/rotation_geometry_259.npz,/home/alphayoung8/log1/nebla/simpx_renderer/center_geometries/259/rotation_debug_259.png,/home/alphayoung8/log1/nebla/simpx_renderer/center_geometries/259/rotation_centers_259.txt
260,163,218,166,266,-3,-48,66,63,218,163,66,262,576,/home/alphayoung8/log1/nebla/simpx_renderer/shifted_curves/shifted_curve_260.png,/home/alphayoung8/log1/nebla/simpx_renderer/center_geometries/260/rotation_geometry_260.npz,/home/alphayoung8/log1/nebla/simpx_renderer/center_geometries/260/rotation_debug_260.png,/home/alphayoung8/log1/nebla/simpx_renderer/center_geometries/260/rotation_centers_260.txt
261,158,244,166,266,-8,-22,92,58,244,158,92,257,576,/home/alphayoung8/log1/nebla/simpx_renderer/shifted_curves/shifted_curve_261.png,/home/alphayoung8/log1/nebla/simpx_renderer/center_geometries/261/rotation_geometry_261.npz,/home/alphayoung8/log1/nebla/simpx_renderer/center_geometries/261/rotation_debug_261.png,/home/alphayoung8/log1/nebla/simpx_renderer/center_geometries/261/rotation_centers_261.txt
262,156,255,166,266,-10,-11,103,56,255,156,103,255,576,/home/alphayoung8/log1/nebla/simpx_renderer/shifted_curves/shifted_curve_262.png,/home/alphayoung8/log1/nebla/simpx_renderer/center_geometries/262/rotation_geometry_262.npz,/home/alphayoung8/log1/nebla/simpx_renderer/center_geometries/262/rotation_debug_262.png,/home/alphayoung8/log1/nebla/simpx_renderer/center_geometries/262/rotation_centers_262.txt
264,170,231,166,266,4,-35,79,70,231,170,79,269,576,/home/alphayoung8/log1/nebla/simpx_renderer/shifted_curves/shifted_curve_264.png,/home/alphayoung8/log1/nebla/simpx_renderer/center_geometries/264/rotation_geometry_264.npz,/home/alphayoung8/log1/nebla/simpx_renderer/center_geometries/264/rotation_debug_264.png,/home/alphayoung8/log1/nebla/simpx_renderer/center_geometries/264/rotation_centers_264.txt
267,173,201,166,266,7,-65,49,73,201,173,49,272,576,/home/alphayoung8/log1/nebla/simpx_renderer/shifted_curves/shifted_curve_267.png,/home/alphayoung8/log1/nebla/simpx_renderer/center_geometries/267/rotation_geometry_267.npz,/home/alphayoung8/log1/nebla/simpx_renderer/center_geometries/267/rotation_debug_267.png,/home/alphayoung8/log1/nebla/simpx_renderer/center_geometries/267/rotation_centers_267.txt
271,164,230,166,266,-2,-36,78,64,230,164,78,263,576,/home/alphayoung8/log1/nebla/simpx_renderer/shifted_curves/shifted_curve_271.png,/home/alphayoung8/log1/nebla/simpx_renderer/center_geometries/271/rotation_geometry_271.npz,/home/alphayoung8/log1/nebla/simpx_renderer/center_geometries/271/rotation_debug_271.png,/home/alphayoung8/log1/nebla/simpx_renderer/center_geometries/271/rotation_centers_271.txt
272,169,212,166,266,3,-54,60,69,212,169,60,268,576,/home/alphayoung8/log1/nebla/simpx_renderer/shifted_curves/shifted_curve_272.png,/home/alphayoung8/log1/nebla/simpx_renderer/center_geometries/272/rotation_geometry_272.npz,/home/alphayoung8/log1/nebla/simpx_renderer/center_geometries/272/rotation_debug_272.png,/home/alphayoung8/log1/nebla/simpx_renderer/center_geometries/272/rotation_centers_272.txt
274,167,237,166,266,1,-29,85,67,237,167,85,266,576,/home/alphayoung8/log1/nebla/simpx_renderer/shifted_curves/shifted_curve_274.png,/home/alphayoung8/log1/nebla/simpx_renderer/center_geometries/274/rotation_geometry_274.npz,/home/alphayoung8/log1/nebla/simpx_renderer/center_geometries/274/rotation_debug_274.png,/home/alphayoung8/log1/nebla/simpx_renderer/center_geometries/274/rotation_centers_274.txt
275,179,272,166,266,13,6,120,79,272,179,120,278,576,/home/alphayoung8/log1/nebla/simpx_renderer/shifted_curves/shifted_curve_275.png,/home/alphayoung8/log1/nebla/simpx_renderer/center_geometries/275/rotation_geometry_275.npz,/home/alphayoung8/log1/nebla/simpx_renderer/center_geometries/275/rotation_debug_275.png,/home/alphayoung8/log1/nebla/simpx_renderer/center_geometries/275/rotation_centers_275.txt
277,164,221,166,266,-2,-45,69,64,221,164,69,263,576,/home/alphayoung8/log1/nebla/simpx_renderer/shifted_curves/shifted_curve_277.png,/home/alphayoung8/log1/nebla/simpx_renderer/center_geometries/277/rotation_geometry_277.npz,/home/alphayoung8/log1/nebla/simpx_renderer/center_geometries/277/rotation_debug_277.png,/home/alphayoung8/log1/nebla/simpx_renderer/center_geometries/277/rotation_centers_277.txt
278,163,209,166,266,-3,-57,57,63,209,163,57,262,576,/home/alphayoung8/log1/nebla/simpx_renderer/shifted_curves/shifted_curve_278.png,/home/alphayoung8/log1/nebla/simpx_renderer/center_geometries/278/rotation_geometry_278.npz,/home/alphayoung8/log1/nebla/simpx_renderer/center_geometries/278/rotation_debug_278.png,/home/alphayoung8/log1/nebla/simpx_renderer/center_geometries/278/rotation_centers_278.txt
279,160,226,166,266,-6,-40,74,60,226,160,74,259,576,/home/alphayoung8/log1/nebla/simpx_renderer/shifted_curves/shifted_curve_279.png,/home/alphayoung8/log1/nebla/simpx_renderer/center_geometries/279/rotation_geometry_279.npz,/home/alphayoung8/log1/nebla/simpx_renderer/center_geometries/279/rotation_debug_279.png,/home/alphayoung8/log1/nebla/simpx_renderer/center_geometries/279/rotation_centers_279.txt
281,150,251,166,266,-16,-15,99,50,251,150,99,249,576,/home/alphayoung8/log1/nebla/simpx_renderer/shifted_curves/shifted_curve_281.png,/home/alphayoung8/log1/nebla/simpx_renderer/center_geometries/281/rotation_geometry_281.npz,/home/alphayoung8/log1/nebla/simpx_renderer/center_geometries/281/rotation_debug_281.png,/home/alphayoung8/log1/nebla/simpx_renderer/center_geometries/281/rotation_centers_281.txt
284,162,248,166,266,-4,-18,96,62,248,162,96,261,576,/home/alphayoung8/log1/nebla/simpx_renderer/shifted_curves/shifted_curve_284.png,/home/alphayoung8/log1/nebla/simpx_renderer/center_geometries/284/rotation_geometry_284.npz,/home/alphayoung8/log1/nebla/simpx_renderer/center_geometries/284/rotation_debug_284.png,/home/alphayoung8/log1/nebla/simpx_renderer/center_geometries/284/rotation_centers_284.txt
285,164,252,166,266,-2,-14,100,64,252,164,100,263,576,/home/alphayoung8/log1/nebla/simpx_renderer/shifted_curves/shifted_curve_285.png,/home/alphayoung8/log1/nebla/simpx_renderer/center_geometries/285/rotation_geometry_285.npz,/home/alphayoung8/log1/nebla/simpx_renderer/center_geometries/285/rotation_debug_285.png,/home/alphayoung8/log1/nebla/simpx_renderer/center_geometries/285/rotation_centers_285.txt
292,170,226,166,266,4,-40,74,70,226,170,74,269,576,/home/alphayoung8/log1/nebla/simpx_renderer/shifted_curves/shifted_curve_292.png,/home/alphayoung8/log1/nebla/simpx_renderer/center_geometries/292/rotation_geometry_292.npz,/home/alphayoung8/log1/nebla/simpx_renderer/center_geometries/292/rotation_debug_292.png,/home/alphayoung8/log1/nebla/simpx_renderer/center_geometries/292/rotation_centers_292.txt
293,159,203,166,266,-7,-63,51,59,203,159,51,258,576,/home/alphayoung8/log1/nebla/simpx_renderer/shifted_curves/shifted_curve_293.png,/home/alphayoung8/log1/nebla/simpx_renderer/center_geometries/293/rotation_geometry_293.npz,/home/alphayoung8/log1/nebla/simpx_renderer/center_geometries/293/rotation_debug_293.png,/home/alphayoung8/log1/nebla/simpx_renderer/center_geometries/293/rotation_centers_293.txt
295,158,277,166,266,-8,11,125,58,277,158,125,257,576,/home/alphayoung8/log1/nebla/simpx_renderer/shifted_curves/shifted_curve_295.png,/home/alphayoung8/log1/nebla/simpx_renderer/center_geometries/295/rotation_geometry_295.npz,/home/alphayoung8/log1/nebla/simpx_renderer/center_geometries/295/rotation_debug_295.png,/home/alphayoung8/log1/nebla/simpx_renderer/center_geometries/295/rotation_centers_295.txt
297,165,232,166,266,-1,-34,80,65,232,165,80,264,576,/home/alphayoung8/log1/nebla/simpx_renderer/shifted_curves/shifted_curve_297.png,/home/alphayoung8/log1/nebla/simpx_renderer/center_geometries/297/rotation_geometry_297.npz,/home/alphayoung8/log1/nebla/simpx_renderer/center_geometries/297/rotation_debug_297.png,/home/alphayoung8/log1/nebla/simpx_renderer/center_geometries/297/rotation_centers_297.txt
298,164,264,166,266,-2,-2,112,64,264,164,112,263,576,/home/alphayoung8/log1/nebla/simpx_renderer/shifted_curves/shifted_curve_298.png,/home/alphayoung8/log1/nebla/simpx_renderer/center_geometries/298/rotation_geometry_298.npz,/home/alphayoung8/log1/nebla/simpx_renderer/center_geometries/298/rotation_debug_298.png,/home/alphayoung8/log1/nebla/simpx_renderer/center_geometries/298/rotation_centers_298.txt
300,173,235,166,266,7,-31,83,73,235,173,83,272,576,/home/alphayoung8/log1/nebla/simpx_renderer/shifted_curves/shifted_curve_300.png,/home/alphayoung8/log1/nebla/simpx_renderer/center_geometries/300/rotation_geometry_300.npz,/home/alphayoung8/log1/nebla/simpx_renderer/center_geometries/300/rotation_debug_300.png,/home/alphayoung8/log1/nebla/simpx_renderer/center_geometries/300/rotation_centers_300.txt
302,161,231,166,266,-5,-35,79,61,231,161,79,260,576,/home/alphayoung8/log1/nebla/simpx_renderer/shifted_curves/shifted_curve_302.png,/home/alphayoung8/log1/nebla/simpx_renderer/center_geometries/302/rotation_geometry_302.npz,/home/alphayoung8/log1/nebla/simpx_renderer/center_geometries/302/rotation_debug_302.png,/home/alphayoung8/log1/nebla/simpx_renderer/center_geometries/302/rotation_centers_302.txt
305,163,235,166,266,-3,-31,83,63,235,163,83,262,576,/home/alphayoung8/log1/nebla/simpx_renderer/shifted_curves/shifted_curve_305.png,/home/alphayoung8/log1/nebla/simpx_renderer/center_geometries/305/rotation_geometry_305.npz,/home/alphayoung8/log1/nebla/simpx_renderer/center_geometries/305/rotation_debug_305.png,/home/alphayoung8/log1/nebla/simpx_renderer/center_geometries/305/rotation_centers_305.txt
308,168,234,166,266,2,-32,82,68,234,168,82,267,576,/home/alphayoung8/log1/nebla/simpx_renderer/shifted_curves/shifted_curve_308.png,/home/alphayoung8/log1/nebla/simpx_renderer/center_geometries/308/rotation_geometry_308.npz,/home/alphayoung8/log1/nebla/simpx_renderer/center_geometries/308/rotation_debug_308.png,/home/alphayoung8/log1/nebla/simpx_renderer/center_geometries/308/rotation_centers_308.txt
310,167,231,166,266,1,-35,79,67,231,167,79,266,576,/home/alphayoung8/log1/nebla/simpx_renderer/shifted_curves/shifted_curve_310.png,/home/alphayoung8/log1/nebla/simpx_renderer/center_geometries/310/rotation_geometry_310.npz,/home/alphayoung8/log1/nebla/simpx_renderer/center_geometries/310/rotation_debug_310.png,/home/alphayoung8/log1/nebla/simpx_renderer/center_geometries/310/rotation_centers_310.txt
311,159,221,166,266,-7,-45,69,59,221,159,69,258,576,/home/alphayoung8/log1/nebla/simpx_renderer/shifted_curves/shifted_curve_311.png,/home/alphayoung8/log1/nebla/simpx_renderer/center_geometries/311/rotation_geometry_311.npz,/home/alphayoung8/log1/nebla/simpx_renderer/center_geometries/311/rotation_debug_311.png,/home/alphayoung8/log1/nebla/simpx_renderer/center_geometries/311/rotation_centers_311.txt
314,165,236,166,266,-1,-30,84,65,236,165,84,264,576,/home/alphayoung8/log1/nebla/simpx_renderer/shifted_curves/shifted_curve_314.png,/home/alphayoung8/log1/nebla/simpx_renderer/center_geometries/314/rotation_geometry_314.npz,/home/alphayoung8/log1/nebla/simpx_renderer/center_geometries/314/rotation_debug_314.png,/home/alphayoung8/log1/nebla/simpx_renderer/center_geometries/314/rotation_centers_314.txt
315,162,217,166,266,-4,-49,65,62,217,162,65,261,576,/home/alphayoung8/log1/nebla/simpx_renderer/shifted_curves/shifted_curve_315.png,/home/alphayoung8/log1/nebla/simpx_renderer/center_geometries/315/rotation_geometry_315.npz,/home/alphayoung8/log1/nebla/simpx_renderer/center_geometries/315/rotation_debug_315.png,/home/alphayoung8/log1/nebla/simpx_renderer/center_geometries/315/rotation_centers_315.txt
319,158,236,166,266,-8,-30,84,58,236,158,84,257,576,/home/alphayoung8/log1/nebla/simpx_renderer/shifted_curves/shifted_curve_319.png,/home/alphayoung8/log1/nebla/simpx_renderer/center_geometries/319/rotation_geometry_319.npz,/home/alphayoung8/log1/nebla/simpx_renderer/center_geometries/319/rotation_debug_319.png,/home/alphayoung8/log1/nebla/simpx_renderer/center_geometries/319/rotation_centers_319.txt
324,163,236,166,266,-3,-30,84,63,236,163,84,262,576,/home/alphayoung8/log1/nebla/simpx_renderer/shifted_curves/shifted_curve_324.png,/home/alphayoung8/log1/nebla/simpx_renderer/center_geometries/324/rotation_geometry_324.npz,/home/alphayoung8/log1/nebla/simpx_renderer/center_geometries/324/rotation_debug_324.png,/home/alphayoung8/log1/nebla/simpx_renderer/center_geometries/324/rotation_centers_324.txt
327,156,215,166,266,-10,-51,63,56,215,156,63,255,576,/home/alphayoung8/log1/nebla/simpx_renderer/shifted_curves/shifted_curve_327.png,/home/alphayoung8/log1/nebla/simpx_renderer/center_geometries/327/rotation_geometry_327.npz,/home/alphayoung8/log1/nebla/simpx_renderer/center_geometries/327/rotation_debug_327.png,/home/alphayoung8/log1/nebla/simpx_renderer/center_geometries/327/rotation_centers_327.txt
330,159,264,166,266,-7,-2,112,59,264,159,112,258,576,/home/alphayoung8/log1/nebla/simpx_renderer/shifted_curves/shifted_curve_330.png,/home/alphayoung8/log1/nebla/simpx_renderer/center_geometries/330/rotation_geometry_330.npz,/home/alphayoung8/log1/nebla/simpx_renderer/center_geometries/330/rotation_debug_330.png,/home/alphayoung8/log1/nebla/simpx_renderer/center_geometries/330/rotation_centers_330.txt
331,163,236,166,266,-3,-30,84,63,236,163,84,262,576,/home/alphayoung8/log1/nebla/simpx_renderer/shifted_curves/shifted_curve_331.png,/home/alphayoung8/log1/nebla/simpx_renderer/center_geometries/331/rotation_geometry_331.npz,/home/alphayoung8/log1/nebla/simpx_renderer/center_geometries/331/rotation_debug_331.png,/home/alphayoung8/log1/nebla/simpx_renderer/center_geometries/331/rotation_centers_331.txt
333,171,229,166,266,5,-37,77,71,229,171,77,270,576,/home/alphayoung8/log1/nebla/simpx_renderer/shifted_curves/shifted_curve_333.png,/home/alphayoung8/log1/nebla/simpx_renderer/center_geometries/333/rotation_geometry_333.npz,/home/alphayoung8/log1/nebla/simpx_renderer/center_geometries/333/rotation_debug_333.png,/home/alphayoung8/log1/nebla/simpx_renderer/center_geometries/333/rotation_centers_333.txt
335,167,236,166,266,1,-30,84,67,236,167,84,266,576,/home/alphayoung8/log1/nebla/simpx_renderer/shifted_curves/shifted_curve_335.png,/home/alphayoung8/log1/nebla/simpx_renderer/center_geometries/335/rotation_geometry_335.npz,/home/alphayoung8/log1/nebla/simpx_renderer/center_geometries/335/rotation_debug_335.png,/home/alphayoung8/log1/nebla/simpx_renderer/center_geometries/335/rotation_centers_335.txt
344,164,265,166,266,-2,-1,113,64,265,164,113,263,576,/home/alphayoung8/log1/nebla/simpx_renderer/shifted_curves/shifted_curve_344.png,/home/alphayoung8/log1/nebla/simpx_renderer/center_geometries/344/rotation_geometry_344.npz,/home/alphayoung8/log1/nebla/simpx_renderer/center_geometries/344/rotation_debug_344.png,/home/alphayoung8/log1/nebla/simpx_renderer/center_geometries/344/rotation_centers_344.txt
346,167,230,166,266,1,-36,78,67,230,167,78,266,576,/home/alphayoung8/log1/nebla/simpx_renderer/shifted_curves/shifted_curve_346.png,/home/alphayoung8/log1/nebla/simpx_renderer/center_geometries/346/rotation_geometry_346.npz,/home/alphayoung8/log1/nebla/simpx_renderer/center_geometries/346/rotation_debug_346.png,/home/alphayoung8/log1/nebla/simpx_renderer/center_geometries/346/rotation_centers_346.txt
347,167,260,166,266,1,-6,108,67,260,167,108,266,576,/home/alphayoung8/log1/nebla/simpx_renderer/shifted_curves/shifted_curve_347.png,/home/alphayoung8/log1/nebla/simpx_renderer/center_geometries/347/rotation_geometry_347.npz,/home/alphayoung8/log1/nebla/simpx_renderer/center_geometries/347/rotation_debug_347.png,/home/alphayoung8/log1/nebla/simpx_renderer/center_geometries/347/rotation_centers_347.txt
349,148,229,166,266,-18,-37,77,48,229,148,77,247,576,/home/alphayoung8/log1/nebla/simpx_renderer/shifted_curves/shifted_curve_349.png,/home/alphayoung8/log1/nebla/simpx_renderer/center_geometries/349/rotation_geometry_349.npz,/home/alphayoung8/log1/nebla/simpx_renderer/center_geometries/349/rotation_debug_349.png,/home/alphayoung8/log1/nebla/simpx_renderer/center_geometries/349/rotation_centers_349.txt
352,172,249,166,266,6,-17,97,72,249,172,97,271,576,/home/alphayoung8/log1/nebla/simpx_renderer/shifted_curves/shifted_curve_352.png,/home/alphayoung8/log1/nebla/simpx_renderer/center_geometries/352/rotation_geometry_352.npz,/home/alphayoung8/log1/nebla/simpx_renderer/center_geometries/352/rotation_debug_352.png,/home/alphayoung8/log1/nebla/simpx_renderer/center_geometries/352/rotation_centers_352.txt
353,170,193,166,266,4,-73,41,70,193,170,41,269,576,/home/alphayoung8/log1/nebla/simpx_renderer/shifted_curves/shifted_curve_353.png,/home/alphayoung8/log1/nebla/simpx_renderer/center_geometries/353/rotation_geometry_353.npz,/home/alphayoung8/log1/nebla/simpx_renderer/center_geometries/353/rotation_debug_353.png,/home/alphayoung8/log1/nebla/simpx_renderer/center_geometries/353/rotation_centers_353.txt
354,165,245,166,266,-1,-21,93,65,245,165,93,264,576,/home/alphayoung8/log1/nebla/simpx_renderer/shifted_curves/shifted_curve_354.png,/home/alphayoung8/log1/nebla/simpx_renderer/center_geometries/354/rotation_geometry_354.npz,/home/alphayoung8/log1/nebla/simpx_renderer/center_geometries/354/rotation_debug_354.png,/home/alphayoung8/log1/nebla/simpx_renderer/center_geometries/354/rotation_centers_354.txt
364,157,232,166,266,-9,-34,80,57,232,157,80,256,576,/home/alphayoung8/log1/nebla/simpx_renderer/shifted_curves/shifted_curve_364.png,/home/alphayoung8/log1/nebla/simpx_renderer/center_geometries/364/rotation_geometry_364.npz,/home/alphayoung8/log1/nebla/simpx_renderer/center_geometries/364/rotation_debug_364.png,/home/alphayoung8/log1/nebla/simpx_renderer/center_geometries/364/rotation_centers_364.txt
366,166,187,166,266,0,-79,35,66,187,166,35,265,576,/home/alphayoung8/log1/nebla/simpx_renderer/shifted_curves/shifted_curve_366.png,/home/alphayoung8/log1/nebla/simpx_renderer/center_geometries/366/rotation_geometry_366.npz,/home/alphayoung8/log1/nebla/simpx_renderer/center_geometries/366/rotation_debug_366.png,/home/alphayoung8/log1/nebla/simpx_renderer/center_geometries/366/rotation_centers_366.txt
367,168,236,166,266,2,-30,84,68,236,168,84,267,576,/home/alphayoung8/log1/nebla/simpx_renderer/shifted_curves/shifted_curve_367.png,/home/alphayoung8/log1/nebla/simpx_renderer/center_geometries/367/rotation_geometry_367.npz,/home/alphayoung8/log1/nebla/simpx_renderer/center_geometries/367/rotation_debug_367.png,/home/alphayoung8/log1/nebla/simpx_renderer/center_geometries/367/rotation_centers_367.txt
369,157,231,166,266,-9,-35,79,57,231,157,79,256,576,/home/alphayoung8/log1/nebla/simpx_renderer/shifted_curves/shifted_curve_369.png,/home/alphayoung8/log1/nebla/simpx_renderer/center_geometries/369/rotation_geometry_369.npz,/home/alphayoung8/log1/nebla/simpx_renderer/center_geometries/369/rotation_debug_369.png,/home/alphayoung8/log1/nebla/simpx_renderer/center_geometries/369/rotation_centers_369.txt
375,158,234,166,266,-8,-32,82,58,234,158,82,257,576,/home/alphayoung8/log1/nebla/simpx_renderer/shifted_curves/shifted_curve_375.png,/home/alphayoung8/log1/nebla/simpx_renderer/center_geometries/375/rotation_geometry_375.npz,/home/alphayoung8/log1/nebla/simpx_renderer/center_geometries/375/rotation_debug_375.png,/home/alphayoung8/log1/nebla/simpx_renderer/center_geometries/375/rotation_centers_375.txt
376,163,256,166,266,-3,-10,104,63,256,163,104,262,576,/home/alphayoung8/log1/nebla/simpx_renderer/shifted_curves/shifted_curve_376.png,/home/alphayoung8/log1/nebla/simpx_renderer/center_geometries/376/rotation_geometry_376.npz,/home/alphayoung8/log1/nebla/simpx_renderer/center_geometries/376/rotation_debug_376.png,/home/alphayoung8/log1/nebla/simpx_renderer/center_geometries/376/rotation_centers_376.txt
378,154,241,166,266,-12,-25,89,54,241,154,89,253,576,/home/alphayoung8/log1/nebla/simpx_renderer/shifted_curves/shifted_curve_378.png,/home/alphayoung8/log1/nebla/simpx_renderer/center_geometries/378/rotation_geometry_378.npz,/home/alphayoung8/log1/nebla/simpx_renderer/center_geometries/378/rotation_debug_378.png,/home/alphayoung8/log1/nebla/simpx_renderer/center_geometries/378/rotation_centers_378.txt
379,160,222,166,266,-6,-44,70,60,222,160,70,259,576,/home/alphayoung8/log1/nebla/simpx_renderer/shifted_curves/shifted_curve_379.png,/home/alphayoung8/log1/nebla/simpx_renderer/center_geometries/379/rotation_geometry_379.npz,/home/alphayoung8/log1/nebla/simpx_renderer/center_geometries/379/rotation_debug_379.png,/home/alphayoung8/log1/nebla/simpx_renderer/center_geometries/379/rotation_centers_379.txt
382,163,240,166,266,-3,-26,88,63,240,163,88,262,576,/home/alphayoung8/log1/nebla/simpx_renderer/shifted_curves/shifted_curve_382.png,/home/alphayoung8/log1/nebla/simpx_renderer/center_geometries/382/rotation_geometry_382.npz,/home/alphayoung8/log1/nebla/simpx_renderer/center_geometries/382/rotation_debug_382.png,/home/alphayoung8/log1/nebla/simpx_renderer/center_geometries/382/rotation_centers_382.txt
385,160,218,166,266,-6,-48,66,60,218,160,66,259,576,/home/alphayoung8/log1/nebla/simpx_renderer/shifted_curves/shifted_curve_385.png,/home/alphayoung8/log1/nebla/simpx_renderer/center_geometries/385/rotation_geometry_385.npz,/home/alphayoung8/log1/nebla/simpx_renderer/center_geometries/385/rotation_debug_385.png,/home/alphayoung8/log1/nebla/simpx_renderer/center_geometries/385/rotation_centers_385.txt
386,163,227,166,266,-3,-39,75,63,227,163,75,262,576,/home/alphayoung8/log1/nebla/simpx_renderer/shifted_curves/shifted_curve_386.png,/home/alphayoung8/log1/nebla/simpx_renderer/center_geometries/386/rotation_geometry_386.npz,/home/alphayoung8/log1/nebla/simpx_renderer/center_geometries/386/rotation_debug_386.png,/home/alphayoung8/log1/nebla/simpx_renderer/center_geometries/386/rotation_centers_386.txt
387,161,266,166,266,-5,0,114,61,266,161,114,260,576,/home/alphayoung8/log1/nebla/simpx_renderer/shifted_curves/shifted_curve_387.png,/home/alphayoung8/log1/nebla/simpx_renderer/center_geometries/387/rotation_geometry_387.npz,/home/alphayoung8/log1/nebla/simpx_renderer/center_geometries/387/rotation_debug_387.png,/home/alphayoung8/log1/nebla/simpx_renderer/center_geometries/387/rotation_centers_387.txt
390,174,247,166,266,8,-19,95,74,247,174,95,273,576,/home/alphayoung8/log1/nebla/simpx_renderer/shifted_curves/shifted_curve_390.png,/home/alphayoung8/log1/nebla/simpx_renderer/center_geometries/390/rotation_geometry_390.npz,/home/alphayoung8/log1/nebla/simpx_renderer/center_geometries/390/rotation_debug_390.png,/home/alphayoung8/log1/nebla/simpx_renderer/center_geometries/390/rotation_centers_390.txt
392,158,250,166,266,-8,-16,98,58,250,158,98,257,576,/home/alphayoung8/log1/nebla/simpx_renderer/shifted_curves/shifted_curve_392.png,/home/alphayoung8/log1/nebla/simpx_renderer/center_geometries/392/rotation_geometry_392.npz,/home/alphayoung8/log1/nebla/simpx_renderer/center_geometries/392/rotation_debug_392.png,/home/alphayoung8/log1/nebla/simpx_renderer/center_geometries/392/rotation_centers_392.txt
400,159,218,166,266,-7,-48,66,59,218,159,66,258,576,/home/alphayoung8/log1/nebla/simpx_renderer/shifted_curves/shifted_curve_400.png,/home/alphayoung8/log1/nebla/simpx_renderer/center_geometries/400/rotation_geometry_400.npz,/home/alphayoung8/log1/nebla/simpx_renderer/center_geometries/400/rotation_debug_400.png,/home/alphayoung8/log1/nebla/simpx_renderer/center_geometries/400/rotation_centers_400.txt
401,172,257,166,266,6,-9,105,72,257,172,105,271,576,/home/alphayoung8/log1/nebla/simpx_renderer/shifted_curves/shifted_curve_401.png,/home/alphayoung8/log1/nebla/simpx_renderer/center_geometries/401/rotation_geometry_401.npz,/home/alphayoung8/log1/nebla/simpx_renderer/center_geometries/401/rotation_debug_401.png,/home/alphayoung8/log1/nebla/simpx_renderer/center_geometries/401/rotation_centers_401.txt
404,159,223,166,266,-7,-43,71,59,223,159,71,258,576,/home/alphayoung8/log1/nebla/simpx_renderer/shifted_curves/shifted_curve_404.png,/home/alphayoung8/log1/nebla/simpx_renderer/center_geometries/404/rotation_geometry_404.npz,/home/alphayoung8/log1/nebla/simpx_renderer/center_geometries/404/rotation_debug_404.png,/home/alphayoung8/log1/nebla/simpx_renderer/center_geometries/404/rotation_centers_404.txt
405,167,235,166,266,1,-31,83,67,235,167,83,266,576,/home/alphayoung8/log1/nebla/simpx_renderer/shifted_curves/shifted_curve_405.png,/home/alphayoung8/log1/nebla/simpx_renderer/center_geometries/405/rotation_geometry_405.npz,/home/alphayoung8/log1/nebla/simpx_renderer/center_geometries/405/rotation_debug_405.png,/home/alphayoung8/log1/nebla/simpx_renderer/center_geometries/405/rotation_centers_405.txt
410,163,210,166,266,-3,-56,58,63,210,163,58,262,576,/home/alphayoung8/log1/nebla/simpx_renderer/shifted_curves/shifted_curve_410.png,/home/alphayoung8/log1/nebla/simpx_renderer/center_geometries/410/rotation_geometry_410.npz,/home/alphayoung8/log1/nebla/simpx_renderer/center_geometries/410/rotation_debug_410.png,/home/alphayoung8/log1/nebla/simpx_renderer/center_geometries/410/rotation_centers_410.txt
412,158,214,166,266,-8,-52,62,58,214,158,62,257,576,/home/alphayoung8/log1/nebla/simpx_renderer/shifted_curves/shifted_curve_412.png,/home/alphayoung8/log1/nebla/simpx_renderer/center_geometries/412/rotation_geometry_412.npz,/home/alphayoung8/log1/nebla/simpx_renderer/center_geometries/412/rotation_debug_412.png,/home/alphayoung8/log1/nebla/simpx_renderer/center_geometries/412/rotation_centers_412.txt
413,168,207,166,266,2,-59,55,68,207,168,55,267,576,/home/alphayoung8/log1/nebla/simpx_renderer/shifted_curves/shifted_curve_413.png,/home/alphayoung8/log1/nebla/simpx_renderer/center_geometries/413/rotation_geometry_413.npz,/home/alphayoung8/log1/nebla/simpx_renderer/center_geometries/413/rotation_debug_413.png,/home/alphayoung8/log1/nebla/simpx_renderer/center_geometries/413/rotation_centers_413.txt
414,166,245,166,266,0,-21,93,66,245,166,93,265,576,/home/alphayoung8/log1/nebla/simpx_renderer/shifted_curves/shifted_curve_414.png,/home/alphayoung8/log1/nebla/simpx_renderer/center_geometries/414/rotation_geometry_414.npz,/home/alphayoung8/log1/nebla/simpx_renderer/center_geometries/414/rotation_debug_414.png,/home/alphayoung8/log1/nebla/simpx_renderer/center_geometries/414/rotation_centers_414.txt
1001,154,244,166,266,-12,-22,92,54,244,154,92,253,576,/home/alphayoung8/log1/nebla/simpx_renderer/shifted_curves/shifted_curve_1001.png,/home/alphayoung8/log1/nebla/simpx_renderer/center_geometries/1001/rotation_geometry_1001.npz,/home/alphayoung8/log1/nebla/simpx_renderer/center_geometries/1001/rotation_debug_1001.png,/home/alphayoung8/log1/nebla/simpx_renderer/center_geometries/1001/rotation_centers_1001.txt
1002,142,236,166,266,-24,-30,84,42,236,142,84,241,576,/home/alphayoung8/log1/nebla/simpx_renderer/shifted_curves/shifted_curve_1002.png,/home/alphayoung8/log1/nebla/simpx_renderer/center_geometries/1002/rotation_geometry_1002.npz,/home/alphayoung8/log1/nebla/simpx_renderer/center_geometries/1002/rotation_debug_1002.png,/home/alphayoung8/log1/nebla/simpx_renderer/center_geometries/1002/rotation_centers_1002.txt
1003,131,188,166,266,-35,-78,36,31,188,131,36,230,576,/home/alphayoung8/log1/nebla/simpx_renderer/shifted_curves/shifted_curve_1003.png,/home/alphayoung8/log1/nebla/simpx_renderer/center_geometries/1003/rotation_geometry_1003.npz,/home/alphayoung8/log1/nebla/simpx_renderer/center_geometries/1003/rotation_debug_1003.png,/home/alphayoung8/log1/nebla/simpx_renderer/center_geometries/1003/rotation_centers_1003.txt
1004,157,251,166,266,-9,-15,99,57,251,157,99,256,576,/home/alphayoung8/log1/nebla/simpx_renderer/shifted_curves/shifted_curve_1004.png,/home/alphayoung8/log1/nebla/simpx_renderer/center_geometries/1004/rotation_geometry_1004.npz,/home/alphayoung8/log1/nebla/simpx_renderer/center_geometries/1004/rotation_debug_1004.png,/home/alphayoung8/log1/nebla/simpx_renderer/center_geometries/1004/rotation_centers_1004.txt
1005,137,278,166,266,-29,12,126,37,278,137,126,236,576,/home/alphayoung8/log1/nebla/simpx_renderer/shifted_curves/shifted_curve_1005.png,/home/alphayoung8/log1/nebla/simpx_renderer/center_geometries/1005/rotation_geometry_1005.npz,/home/alphayoung8/log1/nebla/simpx_renderer/center_geometries/1005/rotation_debug_1005.png,/home/alphayoung8/log1/nebla/simpx_renderer/center_geometries/1005/rotation_centers_1005.txt
1006,154,263,166,266,-12,-3,111,54,263,154,111,253,576,/home/alphayoung8/log1/nebla/simpx_renderer/shifted_curves/shifted_curve_1006.png,/home/alphayoung8/log1/nebla/simpx_renderer/center_geometries/1006/rotation_geometry_1006.npz,/home/alphayoung8/log1/nebla/simpx_renderer/center_geometries/1006/rotation_debug_1006.png,/home/alphayoung8/log1/nebla/simpx_renderer/center_geometries/1006/rotation_centers_1006.txt
1007,156,265,166,266,-10,-1,113,56,265,156,113,255,576,/home/alphayoung8/log1/nebla/simpx_renderer/shifted_curves/shifted_curve_1007.png,/home/alphayoung8/log1/nebla/simpx_renderer/center_geometries/1007/rotation_geometry_1007.npz,/home/alphayoung8/log1/nebla/simpx_renderer/center_geometries/1007/rotation_debug_1007.png,/home/alphayoung8/log1/nebla/simpx_renderer/center_geometries/1007/rotation_centers_1007.txt
1008,148,198,166,266,-18,-68,46,48,198,148,46,247,576,/home/alphayoung8/log1/nebla/simpx_renderer/shifted_curves/shifted_curve_1008.png,/home/alphayoung8/log1/nebla/simpx_renderer/center_geometries/1008/rotation_geometry_1008.npz,/home/alphayoung8/log1/nebla/simpx_renderer/center_geometries/1008/rotation_debug_1008.png,/home/alphayoung8/log1/nebla/simpx_renderer/center_geometries/1008/rotation_centers_1008.txt
1009,153,232,166,266,-13,-34,80,53,232,153,80,252,576,/home/alphayoung8/log1/nebla/simpx_renderer/shifted_curves/shifted_curve_1009.png,/home/alphayoung8/log1/nebla/simpx_renderer/center_geometries/1009/rotation_geometry_1009.npz,/home/alphayoung8/log1/nebla/simpx_renderer/center_geometries/1009/rotation_debug_1009.png,/home/alphayoung8/log1/nebla/simpx_renderer/center_geometries/1009/rotation_centers_1009.txt
1010,158,210,166,266,-8,-56,58,58,210,158,58,257,576,/home/alphayoung8/log1/nebla/simpx_renderer/shifted_curves/shifted_curve_1010.png,/home/alphayoung8/log1/nebla/simpx_renderer/center_geometries/1010/rotation_geometry_1010.npz,/home/alphayoung8/log1/nebla/simpx_renderer/center_geometries/1010/rotation_debug_1010.png,/home/alphayoung8/log1/nebla/simpx_renderer/center_geometries/1010/rotation_centers_1010.txt
1011,156,267,166,266,-10,1,115,56,267,156,115,255,576,/home/alphayoung8/log1/nebla/simpx_renderer/shifted_curves/shifted_curve_1011.png,/home/alphayoung8/log1/nebla/simpx_renderer/center_geometries/1011/rotation_geometry_1011.npz,/home/alphayoung8/log1/nebla/simpx_renderer/center_geometries/1011/rotation_debug_1011.png,/home/alphayoung8/log1/nebla/simpx_renderer/center_geometries/1011/rotation_centers_1011.txt
1012,144,231,166,266,-22,-35,79,44,231,144,79,243,576,/home/alphayoung8/log1/nebla/simpx_renderer/shifted_curves/shifted_curve_1012.png,/home/alphayoung8/log1/nebla/simpx_renderer/center_geometries/1012/rotation_geometry_1012.npz,/home/alphayoung8/log1/nebla/simpx_renderer/center_geometries/1012/rotation_debug_1012.png,/home/alphayoung8/log1/nebla/simpx_renderer/center_geometries/1012/rotation_centers_1012.txt
1013,158,231,166,266,-8,-35,79,58,231,158,79,257,576,/home/alphayoung8/log1/nebla/simpx_renderer/shifted_curves/shifted_curve_1013.png,/home/alphayoung8/log1/nebla/simpx_renderer/center_geometries/1013/rotation_geometry_1013.npz,/home/alphayoung8/log1/nebla/simpx_renderer/center_geometries/1013/rotation_debug_1013.png,/home/alphayoung8/log1/nebla/simpx_renderer/center_geometries/1013/rotation_centers_1013.txt
1014,138,225,166,266,-28,-41,73,38,225,138,73,237,576,/home/alphayoung8/log1/nebla/simpx_renderer/shifted_curves/shifted_curve_1014.png,/home/alphayoung8/log1/nebla/simpx_renderer/center_geometries/1014/rotation_geometry_1014.npz,/home/alphayoung8/log1/nebla/simpx_renderer/center_geometries/1014/rotation_debug_1014.png,/home/alphayoung8/log1/nebla/simpx_renderer/center_geometries/1014/rotation_centers_1014.txt
1015,144,304,166,266,-22,38,152,44,304,144,152,243,576,/home/alphayoung8/log1/nebla/simpx_renderer/shifted_curves/shifted_curve_1015.png,/home/alphayoung8/log1/nebla/simpx_renderer/center_geometries/1015/rotation_geometry_1015.npz,/home/alphayoung8/log1/nebla/simpx_renderer/center_geometries/1015/rotation_debug_1015.png,/home/alphayoung8/log1/nebla/simpx_renderer/center_geometries/1015/rotation_centers_1015.txt
1016,174,240,166,266,8,-26,88,74,240,174,88,273,576,/home/alphayoung8/log1/nebla/simpx_renderer/shifted_curves/shifted_curve_1016.png,/home/alphayoung8/log1/nebla/simpx_renderer/center_geometries/1016/rotation_geometry_1016.npz,/home/alphayoung8/log1/nebla/simpx_renderer/center_geometries/1016/rotation_debug_1016.png,/home/alphayoung8/log1/nebla/simpx_renderer/center_geometries/1016/rotation_centers_1016.txt
1017,158,234,166,266,-8,-32,82,58,234,158,82,257,576,/home/alphayoung8/log1/nebla/simpx_renderer/shifted_curves/shifted_curve_1017.png,/home/alphayoung8/log1/nebla/simpx_renderer/center_geometries/1017/rotation_geometry_1017.npz,/home/alphayoung8/log1/nebla/simpx_renderer/center_geometries/1017/rotation_debug_1017.png,/home/alphayoung8/log1/nebla/simpx_renderer/center_geometries/1017/rotation_centers_1017.txt
1018,153,217,166,266,-13,-49,65,53,217,153,65,252,576,/home/alphayoung8/log1/nebla/simpx_renderer/shifted_curves/shifted_curve_1018.png,/home/alphayoung8/log1/nebla/simpx_renderer/center_geometries/1018/rotation_geometry_1018.npz,/home/alphayoung8/log1/nebla/simpx_renderer/center_geometries/1018/rotation_debug_1018.png,/home/alphayoung8/log1/nebla/simpx_renderer/center_geometries/1018/rotation_centers_1018.txt
1019,163,240,166,266,-3,-26,88,63,240,163,88,262,576,/home/alphayoung8/log1/nebla/simpx_renderer/shifted_curves/shifted_curve_1019.png,/home/alphayoung8/log1/nebla/simpx_renderer/center_geometries/1019/rotation_geometry_1019.npz,/home/alphayoung8/log1/nebla/simpx_renderer/center_geometries/1019/rotation_debug_1019.png,/home/alphayoung8/log1/nebla/simpx_renderer/center_geometries/1019/rotation_centers_1019.txt
1020,156,288,166,266,-10,22,136,56,288,156,136,255,576,/home/alphayoung8/log1/nebla/simpx_renderer/shifted_curves/shifted_curve_1020.png,/home/alphayoung8/log1/nebla/simpx_renderer/center_geometries/1020/rotation_geometry_1020.npz,/home/alphayoung8/log1/nebla/simpx_renderer/center_geometries/1020/rotation_debug_1020.png,/home/alphayoung8/log1/nebla/simpx_renderer/center_geometries/1020/rotation_centers_1020.txt
1021,154,205,166,266,-12,-61,53,54,205,154,53,253,576,/home/alphayoung8/log1/nebla/simpx_renderer/shifted_curves/shifted_curve_1021.png,/home/alphayoung8/log1/nebla/simpx_renderer/center_geometries/1021/rotation_geometry_1021.npz,/home/alphayoung8/log1/nebla/simpx_renderer/center_geometries/1021/rotation_debug_1021.png,/home/alphayoung8/log1/nebla/simpx_renderer/center_geometries/1021/rotation_centers_1021.txt
1022,163,279,166,266,-3,13,127,63,279,163,127,262,576,/home/alphayoung8/log1/nebla/simpx_renderer/shifted_curves/shifted_curve_1022.png,/home/alphayoung8/log1/nebla/simpx_renderer/center_geometries/1022/rotation_geometry_1022.npz,/home/alphayoung8/log1/nebla/simpx_renderer/center_geometries/1022/rotation_debug_1022.png,/home/alphayoung8/log1/nebla/simpx_renderer/center_geometries/1022/rotation_centers_1022.txt
1023,155,238,166,266,-11,-28,86,55,238,155,86,254,576,/home/alphayoung8/log1/nebla/simpx_renderer/shifted_curves/shifted_curve_1023.png,/home/alphayoung8/log1/nebla/simpx_renderer/center_geometries/1023/rotation_geometry_1023.npz,/home/alphayoung8/log1/nebla/simpx_renderer/center_geometries/1023/rotation_debug_1023.png,/home/alphayoung8/log1/nebla/simpx_renderer/center_geometries/1023/rotation_centers_1023.txt
1024,149,235,166,266,-17,-31,83,49,235,149,83,248,576,/home/alphayoung8/log1/nebla/simpx_renderer/shifted_curves/shifted_curve_1024.png,/home/alphayoung8/log1/nebla/simpx_renderer/center_geometries/1024/rotation_geometry_1024.npz,/home/alphayoung8/log1/nebla/simpx_renderer/center_geometries/1024/rotation_debug_1024.png,/home/alphayoung8/log1/nebla/simpx_renderer/center_geometries/1024/rotation_centers_1024.txt
1025,165,205,166,266,-1,-61,53,65,205,165,53,264,576,/home/alphayoung8/log1/nebla/simpx_renderer/shifted_curves/shifted_curve_1025.png,/home/alphayoung8/log1/nebla/simpx_renderer/center_geometries/1025/rotation_geometry_1025.npz,/home/alphayoung8/log1/nebla/simpx_renderer/center_geometries/1025/rotation_debug_1025.png,/home/alphayoung8/log1/nebla/simpx_renderer/center_geometries/1025/rotation_centers_1025.txt
1026,172,236,166,266,6,-30,84,72,236,172,84,271,576,/home/alphayoung8/log1/nebla/simpx_renderer/shifted_curves/shifted_curve_1026.png,/home/alphayoung8/log1/nebla/simpx_renderer/center_geometries/1026/rotation_geometry_1026.npz,/home/alphayoung8/log1/nebla/simpx_renderer/center_geometries/1026/rotation_debug_1026.png,/home/alphayoung8/log1/nebla/simpx_renderer/center_geometries/1026/rotation_centers_1026.txt
1027,151,242,166,266,-15,-24,90,51,242,151,90,250,576,/home/alphayoung8/log1/nebla/simpx_renderer/shifted_curves/shifted_curve_1027.png,/home/alphayoung8/log1/nebla/simpx_renderer/center_geometries/1027/rotation_geometry_1027.npz,/home/alphayoung8/log1/nebla/simpx_renderer/center_geometries/1027/rotation_debug_1027.png,/home/alphayoung8/log1/nebla/simpx_renderer/center_geometries/1027/rotation_centers_1027.txt
1028,157,266,166,266,-9,0,114,57,266,157,114,256,576,/home/alphayoung8/log1/nebla/simpx_renderer/shifted_curves/shifted_curve_1028.png,/home/alphayoung8/log1/nebla/simpx_renderer/center_geometries/1028/rotation_geometry_1028.npz,/home/alphayoung8/log1/nebla/simpx_renderer/center_geometries/1028/rotation_debug_1028.png,/home/alphayoung8/log1/nebla/simpx_renderer/center_geometries/1028/rotation_centers_1028.txt
1029,159,249,166,266,-7,-17,97,59,249,159,97,258,576,/home/alphayoung8/log1/nebla/simpx_renderer/shifted_curves/shifted_curve_1029.png,/home/alphayoung8/log1/nebla/simpx_renderer/center_geometries/1029/rotation_geometry_1029.npz,/home/alphayoung8/log1/nebla/simpx_renderer/center_geometries/1029/rotation_debug_1029.png,/home/alphayoung8/log1/nebla/simpx_renderer/center_geometries/1029/rotation_centers_1029.txt
1030,152,237,166,266,-14,-29,85,52,237,152,85,251,576,/home/alphayoung8/log1/nebla/simpx_renderer/shifted_curves/shifted_curve_1030.png,/home/alphayoung8/log1/nebla/simpx_renderer/center_geometries/1030/rotation_geometry_1030.npz,/home/alphayoung8/log1/nebla/simpx_renderer/center_geometries/1030/rotation_debug_1030.png,/home/alphayoung8/log1/nebla/simpx_renderer/center_geometries/1030/rotation_centers_1030.txt
1031,164,249,166,266,-2,-17,97,64,249,164,97,263,576,/home/alphayoung8/log1/nebla/simpx_renderer/shifted_curves/shifted_curve_1031.png,/home/alphayoung8/log1/nebla/simpx_renderer/center_geometries/1031/rotation_geometry_1031.npz,/home/alphayoung8/log1/nebla/simpx_renderer/center_geometries/1031/rotation_debug_1031.png,/home/alphayoung8/log1/nebla/simpx_renderer/center_geometries/1031/rotation_centers_1031.txt
1032,160,302,166,266,-6,36,150,60,302,160,150,259,576,/home/alphayoung8/log1/nebla/simpx_renderer/shifted_curves/shifted_curve_1032.png,/home/alphayoung8/log1/nebla/simpx_renderer/center_geometries/1032/rotation_geometry_1032.npz,/home/alphayoung8/log1/nebla/simpx_renderer/center_geometries/1032/rotation_debug_1032.png,/home/alphayoung8/log1/nebla/simpx_renderer/center_geometries/1032/rotation_centers_1032.txt
1033,165,228,166,266,-1,-38,76,65,228,165,76,264,576,/home/alphayoung8/log1/nebla/simpx_renderer/shifted_curves/shifted_curve_1033.png,/home/alphayoung8/log1/nebla/simpx_renderer/center_geometries/1033/rotation_geometry_1033.npz,/home/alphayoung8/log1/nebla/simpx_renderer/center_geometries/1033/rotation_debug_1033.png,/home/alphayoung8/log1/nebla/simpx_renderer/center_geometries/1033/rotation_centers_1033.txt
1034,154,248,166,266,-12,-18,96,54,248,154,96,253,576,/home/alphayoung8/log1/nebla/simpx_renderer/shifted_curves/shifted_curve_1034.png,/home/alphayoung8/log1/nebla/simpx_renderer/center_geometries/1034/rotation_geometry_1034.npz,/home/alphayoung8/log1/nebla/simpx_renderer/center_geometries/1034/rotation_debug_1034.png,/home/alphayoung8/log1/nebla/simpx_renderer/center_geometries/1034/rotation_centers_1034.txt
1035,162,206,166,266,-4,-60,54,62,206,162,54,261,576,/home/alphayoung8/log1/nebla/simpx_renderer/shifted_curves/shifted_curve_1035.png,/home/alphayoung8/log1/nebla/simpx_renderer/center_geometries/1035/rotation_geometry_1035.npz,/home/alphayoung8/log1/nebla/simpx_renderer/center_geometries/1035/rotation_debug_1035.png,/home/alphayoung8/log1/nebla/simpx_renderer/center_geometries/1035/rotation_centers_1035.txt
1036,157,263,166,266,-9,-3,111,57,263,157,111,256,576,/home/alphayoung8/log1/nebla/simpx_renderer/shifted_curves/shifted_curve_1036.png,/home/alphayoung8/log1/nebla/simpx_renderer/center_geometries/1036/rotation_geometry_1036.npz,/home/alphayoung8/log1/nebla/simpx_renderer/center_geometries/1036/rotation_debug_1036.png,/home/alphayoung8/log1/nebla/simpx_renderer/center_geometries/1036/rotation_centers_1036.txt
1037,156,217,166,266,-10,-49,65,56,217,156,65,255,576,/home/alphayoung8/log1/nebla/simpx_renderer/shifted_curves/shifted_curve_1037.png,/home/alphayoung8/log1/nebla/simpx_renderer/center_geometries/1037/rotation_geometry_1037.npz,/home/alphayoung8/log1/nebla/simpx_renderer/center_geometries/1037/rotation_debug_1037.png,/home/alphayoung8/log1/nebla/simpx_renderer/center_geometries/1037/rotation_centers_1037.txt
1038,160,285,166,266,-6,19,133,60,285,160,133,259,576,/home/alphayoung8/log1/nebla/simpx_renderer/shifted_curves/shifted_curve_1038.png,/home/alphayoung8/log1/nebla/simpx_renderer/center_geometries/1038/rotation_geometry_1038.npz,/home/alphayoung8/log1/nebla/simpx_renderer/center_geometries/1038/rotation_debug_1038.png,/home/alphayoung8/log1/nebla/simpx_renderer/center_geometries/1038/rotation_centers_1038.txt
1039,148,218,166,266,-18,-48,66,48,218,148,66,247,576,/home/alphayoung8/log1/nebla/simpx_renderer/shifted_curves/shifted_curve_1039.png,/home/alphayoung8/log1/nebla/simpx_renderer/center_geometries/1039/rotation_geometry_1039.npz,/home/alphayoung8/log1/nebla/simpx_renderer/center_geometries/1039/rotation_debug_1039.png,/home/alphayoung8/log1/nebla/simpx_renderer/center_geometries/1039/rotation_centers_1039.txt
1040,150,274,166,266,-16,8,122,50,274,150,122,249,576,/home/alphayoung8/log1/nebla/simpx_renderer/shifted_curves/shifted_curve_1040.png,/home/alphayoung8/log1/nebla/simpx_renderer/center_geometries/1040/rotation_geometry_1040.npz,/home/alphayoung8/log1/nebla/simpx_renderer/center_geometries/1040/rotation_debug_1040.png,/home/alphayoung8/log1/nebla/simpx_renderer/center_geometries/1040/rotation_centers_1040.txt
1041,144,281,166,266,-22,15,129,44,281,144,129,243,576,/home/alphayoung8/log1/nebla/simpx_renderer/shifted_curves/shifted_curve_1041.png,/home/alphayoung8/log1/nebla/simpx_renderer/center_geometries/1041/rotation_geometry_1041.npz,/home/alphayoung8/log1/nebla/simpx_renderer/center_geometries/1041/rotation_debug_1041.png,/home/alphayoung8/log1/nebla/simpx_renderer/center_geometries/1041/rotation_centers_1041.txt
1042,139,234,166,266,-27,-32,82,39,234,139,82,238,576,/home/alphayoung8/log1/nebla/simpx_renderer/shifted_curves/shifted_curve_1042.png,/home/alphayoung8/log1/nebla/simpx_renderer/center_geometries/1042/rotation_geometry_1042.npz,/home/alphayoung8/log1/nebla/simpx_renderer/center_geometries/1042/rotation_debug_1042.png,/home/alphayoung8/log1/nebla/simpx_renderer/center_geometries/1042/rotation_centers_1042.txt
1043,157,311,166,266,-9,45,159,57,311,157,159,256,576,/home/alphayoung8/log1/nebla/simpx_renderer/shifted_curves/shifted_curve_1043.png,/home/alphayoung8/log1/nebla/simpx_renderer/center_geometries/1043/rotation_geometry_1043.npz,/home/alphayoung8/log1/nebla/simpx_renderer/center_geometries/1043/rotation_debug_1043.png,/home/alphayoung8/log1/nebla/simpx_renderer/center_geometries/1043/rotation_centers_1043.txt
1044,163,227,166,266,-3,-39,75,63,227,163,75,262,576,/home/alphayoung8/log1/nebla/simpx_renderer/shifted_curves/shifted_curve_1044.png,/home/alphayoung8/log1/nebla/simpx_renderer/center_geometries/1044/rotation_geometry_1044.npz,/home/alphayoung8/log1/nebla/simpx_renderer/center_geometries/1044/rotation_debug_1044.png,/home/alphayoung8/log1/nebla/simpx_renderer/center_geometries/1044/rotation_centers_1044.txt
1045,150,233,166,266,-16,-33,81,50,233,150,81,249,576,/home/alphayoung8/log1/nebla/simpx_renderer/shifted_curves/shifted_curve_1045.png,/home/alphayoung8/log1/nebla/simpx_renderer/center_geometries/1045/rotation_geometry_1045.npz,/home/alphayoung8/log1/nebla/simpx_renderer/center_geometries/1045/rotation_debug_1045.png,/home/alphayoung8/log1/nebla/simpx_renderer/center_geometries/1045/rotation_centers_1045.txt
1046,157,299,166,266,-9,33,147,57,299,157,147,256,576,/home/alphayoung8/log1/nebla/simpx_renderer/shifted_curves/shifted_curve_1046.png,/home/alphayoung8/log1/nebla/simpx_renderer/center_geometries/1046/rotation_geometry_1046.npz,/home/alphayoung8/log1/nebla/simpx_renderer/center_geometries/1046/rotation_debug_1046.png,/home/alphayoung8/log1/nebla/simpx_renderer/center_geometries/1046/rotation_centers_1046.txt
1047,160,230,166,266,-6,-36,78,60,230,160,78,259,576,/home/alphayoung8/log1/nebla/simpx_renderer/shifted_curves/shifted_curve_1047.png,/home/alphayoung8/log1/nebla/simpx_renderer/center_geometries/1047/rotation_geometry_1047.npz,/home/alphayoung8/log1/nebla/simpx_renderer/center_geometries/1047/rotation_debug_1047.png,/home/alphayoung8/log1/nebla/simpx_renderer/center_geometries/1047/rotation_centers_1047.txt
1048,146,235,166,266,-20,-31,83,46,235,146,83,245,576,/home/alphayoung8/log1/nebla/simpx_renderer/shifted_curves/shifted_curve_1048.png,/home/alphayoung8/log1/nebla/simpx_renderer/center_geometries/1048/rotation_geometry_1048.npz,/home/alphayoung8/log1/nebla/simpx_renderer/center_geometries/1048/rotation_debug_1048.png,/home/alphayoung8/log1/nebla/simpx_renderer/center_geometries/1048/rotation_centers_1048.txt
1049,167,266,166,266,1,0,114,67,266,167,114,266,576,/home/alphayoung8/log1/nebla/simpx_renderer/shifted_curves/shifted_curve_1049.png,/home/alphayoung8/log1/nebla/simpx_renderer/center_geometries/1049/rotation_geometry_1049.npz,/home/alphayoung8/log1/nebla/simpx_renderer/center_geometries/1049/rotation_debug_1049.png,/home/alphayoung8/log1/nebla/simpx_renderer/center_geometries/1049/rotation_centers_1049.txt
1050,154,240,166,266,-12,-26,88,54,240,154,88,253,576,/home/alphayoung8/log1/nebla/simpx_renderer/shifted_curves/shifted_curve_1050.png,/home/alphayoung8/log1/nebla/simpx_renderer/center_geometries/1050/rotation_geometry_1050.npz,/home/alphayoung8/log1/nebla/simpx_renderer/center_geometries/1050/rotation_debug_1050.png,/home/alphayoung8/log1/nebla/simpx_renderer/center_geometries/1050/rotation_centers_1050.txt
1051,163,259,166,266,-3,-7,107,63,259,163,107,262,576,/home/alphayoung8/log1/nebla/simpx_renderer/shifted_curves/shifted_curve_1051.png,/home/alphayoung8/log1/nebla/simpx_renderer/center_geometries/1051/rotation_geometry_1051.npz,/home/alphayoung8/log1/nebla/simpx_renderer/center_geometries/1051/rotation_debug_1051.png,/home/alphayoung8/log1/nebla/simpx_renderer/center_geometries/1051/rotation_centers_1051.txt
1052,172,233,166,266,6,-33,81,72,233,172,81,271,576,/home/alphayoung8/log1/nebla/simpx_renderer/shifted_curves/shifted_curve_1052.png,/home/alphayoung8/log1/nebla/simpx_renderer/center_geometries/1052/rotation_geometry_1052.npz,/home/alphayoung8/log1/nebla/simpx_renderer/center_geometries/1052/rotation_debug_1052.png,/home/alphayoung8/log1/nebla/simpx_renderer/center_geometries/1052/rotation_centers_1052.txt
1053,168,233,166,266,2,-33,81,68,233,168,81,267,576,/home/alphayoung8/log1/nebla/simpx_renderer/shifted_curves/shifted_curve_1053.png,/home/alphayoung8/log1/nebla/simpx_renderer/center_geometries/1053/rotation_geometry_1053.npz,/home/alphayoung8/log1/nebla/simpx_renderer/center_geometries/1053/rotation_debug_1053.png,/home/alphayoung8/log1/nebla/simpx_renderer/center_geometries/1053/rotation_centers_1053.txt
1054,156,207,166,266,-10,-59,55,56,207,156,55,255,576,/home/alphayoung8/log1/nebla/simpx_renderer/shifted_curves/shifted_curve_1054.png,/home/alphayoung8/log1/nebla/simpx_renderer/center_geometries/1054/rotation_geometry_1054.npz,/home/alphayoung8/log1/nebla/simpx_renderer/center_geometries/1054/rotation_debug_1054.png,/home/alphayoung8/log1/nebla/simpx_renderer/center_geometries/1054/rotation_centers_1054.txt
1055,149,250,166,266,-17,-16,98,49,250,149,98,248,576,/home/alphayoung8/log1/nebla/simpx_renderer/shifted_curves/shifted_curve_1055.png,/home/alphayoung8/log1/nebla/simpx_renderer/center_geometries/1055/rotation_geometry_1055.npz,/home/alphayoung8/log1/nebla/simpx_renderer/center_geometries/1055/rotation_debug_1055.png,/home/alphayoung8/log1/nebla/simpx_renderer/center_geometries/1055/rotation_centers_1055.txt
1056,172,251,166,266,6,-15,99,72,251,172,99,271,576,/home/alphayoung8/log1/nebla/simpx_renderer/shifted_curves/shifted_curve_1056.png,/home/alphayoung8/log1/nebla/simpx_renderer/center_geometries/1056/rotation_geometry_1056.npz,/home/alphayoung8/log1/nebla/simpx_renderer/center_geometries/1056/rotation_debug_1056.png,/home/alphayoung8/log1/nebla/simpx_renderer/center_geometries/1056/rotation_centers_1056.txt
1057,154,247,166,266,-12,-19,95,54,247,154,95,253,576,/home/alphayoung8/log1/nebla/simpx_renderer/shifted_curves/shifted_curve_1057.png,/home/alphayoung8/log1/nebla/simpx_renderer/center_geometries/1057/rotation_geometry_1057.npz,/home/alphayoung8/log1/nebla/simpx_renderer/center_geometries/1057/rotation_debug_1057.png,/home/alphayoung8/log1/nebla/simpx_renderer/center_geometries/1057/rotation_centers_1057.txt
1058,149,234,166,266,-17,-32,82,49,234,149,82,248,576,/home/alphayoung8/log1/nebla/simpx_renderer/shifted_curves/shifted_curve_1058.png,/home/alphayoung8/log1/nebla/simpx_renderer/center_geometries/1058/rotation_geometry_1058.npz,/home/alphayoung8/log1/nebla/simpx_renderer/center_geometries/1058/rotation_debug_1058.png,/home/alphayoung8/log1/nebla/simpx_renderer/center_geometries/1058/rotation_centers_1058.txt
1059,158,219,166,266,-8,-47,67,58,219,158,67,257,576,/home/alphayoung8/log1/nebla/simpx_renderer/shifted_curves/shifted_curve_1059.png,/home/alphayoung8/log1/nebla/simpx_renderer/center_geometries/1059/rotation_geometry_1059.npz,/home/alphayoung8/log1/nebla/simpx_renderer/center_geometries/1059/rotation_debug_1059.png,/home/alphayoung8/log1/nebla/simpx_renderer/center_geometries/1059/rotation_centers_1059.txt
1060,152,237,166,266,-14,-29,85,52,237,152,85,251,576,/home/alphayoung8/log1/nebla/simpx_renderer/shifted_curves/shifted_curve_1060.png,/home/alphayoung8/log1/nebla/simpx_renderer/center_geometries/1060/rotation_geometry_1060.npz,/home/alphayoung8/log1/nebla/simpx_renderer/center_geometries/1060/rotation_debug_1060.png,/home/alphayoung8/log1/nebla/simpx_renderer/center_geometries/1060/rotation_centers_1060.txt
1061,158,223,166,266,-8,-43,71,58,223,158,71,257,576,/home/alphayoung8/log1/nebla/simpx_renderer/shifted_curves/shifted_curve_1061.png,/home/alphayoung8/log1/nebla/simpx_renderer/center_geometries/1061/rotation_geometry_1061.npz,/home/alphayoung8/log1/nebla/simpx_renderer/center_geometries/1061/rotation_debug_1061.png,/home/alphayoung8/log1/nebla/simpx_renderer/center_geometries/1061/rotation_centers_1061.txt
1062,152,184,166,266,-14,-82,32,52,184,152,32,251,576,/home/alphayoung8/log1/nebla/simpx_renderer/shifted_curves/shifted_curve_1062.png,/home/alphayoung8/log1/nebla/simpx_renderer/center_geometries/1062/rotation_geometry_1062.npz,/home/alphayoung8/log1/nebla/simpx_renderer/center_geometries/1062/rotation_debug_1062.png,/home/alphayoung8/log1/nebla/simpx_renderer/center_geometries/1062/rotation_centers_1062.txt
1063,168,309,166,266,2,43,157,68,309,168,157,267,576,/home/alphayoung8/log1/nebla/simpx_renderer/shifted_curves/shifted_curve_1063.png,/home/alphayoung8/log1/nebla/simpx_renderer/center_geometries/1063/rotation_geometry_1063.npz,/home/alphayoung8/log1/nebla/simpx_renderer/center_geometries/1063/rotation_debug_1063.png,/home/alphayoung8/log1/nebla/simpx_renderer/center_geometries/1063/rotation_centers_1063.txt
